timestamp;accuracy;logitude;latitude;altitude;unknown
1311761703;36;9.472948;51.311078;0;Work
1311758091;36;9.472948;51.311078;0;Work
1311754480;36;9.472948;51.311078;0;Work
1311750860;36;9.472948;51.311078;0;Work
1311750802;47;9.472648;51.310986;0;Work
1311750741;47;9.472648;51.310986;0;Work
1311750682;176;9.469401;51.311981;0;unknown
1311750620;176;9.469401;51.311981;0;unknown
1311750502;357;9.46398;51.312582;0;unknown
1311750443;399;9.444188;51.31357;0;unknown
1311750382;399;9.444188;51.31357;0;unknown
1311750322;60;9.434759;51.314013;0;unknown
1311750201;60;9.434759;51.314013;0;unknown
1311750144;1419;9.431001;51.316012;0;unknown
1311749857;1710;9.422127;51.325847;0;unknown
1311749855;2778;9.429317;51.320542;0;unknown
1311749781;1267;9.598558;51.344219;0;unknown
1311749663;1267;9.598558;51.344219;0;unknown
1311749601;60;9.41607;51.374181;0;unknown
1311747161;27;9.403395;51.40417;0;Home
1311747154;45;9.403073;51.404085;0;Home
1311747141;98;9.402794;51.403956;0;unknown
1311747139;55;9.403654;51.404189;0;Home
1311747137;364;9.402408;51.403816;0;unknown
1311747137;55;9.403654;51.404189;0;Home
1311747131;364;9.402108;51.403688;0;unknown
1311747130;55;9.403654;51.404189;0;Home
1311747129;364;9.402108;51.403688;0;unknown
1311747128;55;9.403654;51.404189;0;Home
1311747127;364;9.402258;51.403752;0;unknown
1311747126;55;9.403654;51.404189;0;Home
1311747125;364;9.402365;51.403816;0;unknown
1311746773;55;9.403654;51.404189;0;Home
1311745152;55;9.403654;51.404189;0;Home
1311741547;55;9.403654;51.404189;0;Home
1311741427;55;9.403654;51.404189;0;Home
1311737823;55;9.403654;51.404189;0;Home
1311734219;55;9.403654;51.404189;0;Home
1311730615;55;9.403738;51.404164;0;Home
1311727010;55;9.403654;51.404189;0;Home
1311723408;55;9.403654;51.404189;0;Home
1311719801;55;9.403738;51.404164;0;Home
1311716196;55;9.403654;51.404189;0;Home
1311712590;55;9.403654;51.404189;0;Home
1311710907;75;9.403455;51.404215;0;Home
1311707302;75;9.403455;51.404215;0;Home
1311703698;75;9.403455;51.404215;0;Home
1311700092;75;9.403455;51.404215;0;Home
1311696487;55;9.403654;51.404189;0;Home
1311696427;55;9.404249;51.404111;0;unknown
1311696367;2529;9.421518;51.409075;0;unknown
1311696187;60;9.471294;51.349305;0;unknown
1311696134;365;9.473439;51.347377;0;unknown
1311696070;411;9.473731;51.347144;0;unknown
1311696011;677;9.48093;51.342396;0;unknown
1311695947;42;9.496341;51.332918;0;unknown
1311695890;268;9.497173;51.331554;0;unknown
1311695837;520;9.498325;51.329112;0;unknown
1311695771;520;9.498325;51.329112;0;unknown
1311695710;263;9.5013;51.323461;0;unknown
1311695592;32;9.476287;51.325387;0;unknown
1311695530;32;9.476287;51.325387;0;unknown
1311695486;57;9.474652;51.31745;0;unknown
1311695350;96;9.473745;51.316093;0;unknown
1311695291;113;9.473587;51.31585;0;unknown
1311695226;29;9.470625;51.311406;0;unknown
1311695170;37;9.470672;51.31134;0;unknown
1311695106;56;9.472245;51.310694;0;Work
1311694746;34;9.472973;51.311085;0;Work
1311694690;36;9.472939;51.311083;0;Work
1311693965;52;9.473113;51.31125;0;Work
1311693245;52;9.473113;51.31125;0;Work
1311689640;52;9.473113;51.31125;0;Work
1311686037;52;9.473113;51.31125;0;Work
1311685916;52;9.473001;51.311173;0;Work
1311682312;52;9.473001;51.311173;0;Work
1311678708;52;9.473113;51.31125;0;Work
1311675103;52;9.473001;51.311173;0;Work
1311671501;52;9.473059;51.311122;0;Work
1311667894;52;9.473001;51.311173;0;Work
1311667833;84;9.473078;51.310859;0;Work
1311667773;84;9.473078;51.310859;0;Work
1311667413;1634;9.466635;51.307527;0;unknown
1311667353;60;9.464105;51.312734;0;unknown
1311667235;202;9.460504;51.312884;0;unknown
1311667130;60;9.458263;51.312964;0;unknown
1311667058;60;9.451555;51.313255;0;unknown
1311667055;1766;9.431964;51.313618;0;unknown
1311666936;1766;9.431964;51.313618;0;unknown
1311666695;65;9.412512;51.331113;0;unknown
1311666632;65;9.412512;51.331113;0;unknown
1311666574;1874;9.402542;51.350458;0;unknown
1311666454;1267;9.598558;51.344219;0;unknown
1311666334;1267;9.598558;51.344219;0;unknown
1311662846;55;9.403738;51.404164;0;Home
1311659241;55;9.403654;51.404189;0;Home
1311659180;55;9.403654;51.404189;0;Home
1311659071;2506;9.454879;51.424241;0;unknown
1311655579;55;9.403654;51.404189;0;Home
1311651975;55;9.403654;51.404189;0;Home
1311648371;55;9.403654;51.404189;0;Home
1311648309;55;9.403654;51.404189;0;Home
1311648248;2540;9.421712;51.409334;0;unknown
1311644626;9;9.403867;51.404192;0;Home
1311644624;27;9.403867;51.404192;0;Home
1311644618;45;9.403867;51.404192;0;Home
1311644616;55;9.403654;51.404189;0;Home
1311644615;55;9.403654;51.404189;0;Home
1311644614;55;9.403654;51.404189;0;Home
1311644613;55;9.403654;51.404189;0;Home
1311642304;55;9.403654;51.404189;0;Home
1311638701;55;9.403654;51.404189;0;Home
1311635095;55;9.403654;51.404189;0;Home
1311631458;55;9.403654;51.404189;0;Home
1311631431;55;9.403654;51.404189;0;Home
1311631008;55;9.403654;51.404189;0;Home
1311619361;75;9.403455;51.404215;0;Home
1311615757;75;9.403455;51.404215;0;Home
1311612152;75;9.403455;51.404215;0;Home
1311612092;75;9.403482;51.40419;0;Home
1311612034;2540;9.421712;51.409334;0;unknown
1311611914;2540;9.421712;51.409334;0;unknown
1311611793;2095;9.404538;51.372198;0;unknown
1311611731;1264;9.598564;51.344317;0;unknown
1311611673;1875;9.402366;51.350382;0;unknown
1311611611;1243;9.422376;51.344136;0;unknown
1311611553;1710;9.414937;51.331151;0;unknown
1311611440;60;9.435154;51.31406;0;unknown
1311611191;60;9.463835;51.312704;0;unknown
1311611073;60;9.463835;51.312704;0;unknown
1311610952;56;9.472282;51.310786;0;Work
1311610890;56;9.472282;51.310786;0;Work
1311607515;52;9.472975;51.311278;0;Work
1311603912;52;9.472975;51.311278;0;Work
1311600310;52;9.47305;51.311286;0;Work
1311596705;52;9.47312;51.311328;0;Work
1311593101;52;9.47312;51.311328;0;Work
1311589497;52;9.473194;51.311329;0;Work
1311585894;52;9.47312;51.311328;0;Work
1311582290;52;9.47312;51.311328;0;Work
1311582229;52;9.47312;51.311328;0;Work
1311578625;52;9.47312;51.311328;0;Work
1311578508;52;9.47312;51.311328;0;Work
1311578448;1111;9.469496;51.308994;0;unknown
1311578389;1200;9.469807;51.312318;0;unknown
1311578388;1302;9.471168;51.308116;0;unknown
1311578324;2876;9.517282;51.265221;0;unknown
1311578151;60;9.462394;51.3127;0;unknown
1311578089;60;9.462394;51.3127;0;unknown
1311577967;45;9.443523;51.313631;0;unknown
1311577848;45;9.443523;51.313631;0;unknown
1311577727;1419;9.429415;51.314709;0;unknown
1311577726;1994;9.425893;51.322511;0;unknown
1311577611;1994;9.425893;51.322511;0;unknown
1311577546;1243;9.422376;51.344136;0;unknown
1311577429;1243;9.422376;51.344136;0;unknown
1311577307;1875;9.402366;51.350382;0;unknown
1311577246;1264;9.598564;51.344317;0;unknown
1311577186;2095;9.404538;51.372198;0;unknown
1311577126;2955;9.407098;51.375669;0;unknown
1311576937;27;9.403846;51.40431;0;Home
1311573332;27;9.403846;51.40431;0;Home
1311569726;27;9.403846;51.40431;0;Home
1311566121;27;9.403846;51.40431;0;Home
1311562517;27;9.403846;51.40431;0;Home
1311558880;27;9.403846;51.40431;0;Home
1311558876;45;9.403846;51.40431;0;Home
1311558874;55;9.403738;51.404164;0;Home
1311558873;55;9.403738;51.404164;0;Home
1311557833;55;9.403738;51.404164;0;Home
1311554227;55;9.403654;51.404189;0;Home
1311554167;55;9.403654;51.404189;0;Home
1311553986;2533;9.421788;51.409235;0;unknown
1311550384;55;9.403654;51.404189;0;Home
1311546777;55;9.403654;51.404189;0;Home
1311456340;50;9.403851;51.404775;0;unknown
1311456328;50;9.403506;51.404787;0;unknown
1311453148;100;9.403613;51.404219;0;Home
1311453102;100;9.403613;51.404219;0;Home
1311452919;100;9.403473;51.404174;0;Home
1311452738;100;9.403613;51.404219;0;Home
1311452555;100;9.403473;51.404174;0;Home
1311446641;100;9.403696;51.404269;0;Home
1311446591;100;9.403696;51.404269;0;Home
1311446407;100;9.403473;51.404174;0;Home
1311446229;100;9.403624;51.40421;0;Home
1311446007;1157;9.440831;51.372795;0;unknown
1311445763;65;9.466954;51.363018;0;unknown
1311445582;65;9.466719;51.362618;0;unknown
1311445398;65;9.466719;51.362618;0;unknown
1311445215;1312;9.457041;51.358076;0;unknown
1311437484;76;9.496681;51.314909;0;unknown
1311437459;76;9.496681;51.314909;0;unknown
1311436898;76;9.496681;51.314909;0;unknown
1311432854;617;9.499221;51.317603;0;unknown
1311432663;1000;9.502819;51.315727;0;unknown
1311432358;1000;9.502095;51.32468;0;unknown
1311432177;1162;9.505138;51.327484;0;unknown
1311431977;100;9.48509;51.339162;0;unknown
1311431687;1157;9.440831;51.372795;0;unknown
1311429576;30;9.40359;51.404224;0;Home
1311429523;30;9.40359;51.404224;0;Home
1311429343;30;9.40359;51.404224;0;Home
1311429161;30;9.40359;51.404224;0;Home
1311428953;2629;9.409742;51.406358;0;unknown
1311408798;55;9.403654;51.404189;0;Home
1311405192;55;9.403654;51.404189;0;Home
1311401585;55;9.403654;51.404189;0;Home
1311397977;55;9.403654;51.404189;0;Home
1311394372;55;9.403654;51.404189;0;Home
1311390759;55;9.403654;51.404189;0;Home
1311387149;55;9.403654;51.404189;0;Home
1311383537;55;9.403654;51.404189;0;Home
1311379926;55;9.403654;51.404189;0;Home
1311379866;55;9.403654;51.404189;0;Home
1311379806;299;9.403091;51.401862;0;unknown
1311379623;52;9.402342;51.398759;0;unknown
1311379514;52;9.402404;51.398922;0;unknown
1311379320;354;9.401188;51.410432;0;unknown
1311379259;354;9.401188;51.410432;0;unknown
1311379199;1527;9.380283;51.417129;0;unknown
1311379139;2594;9.37341;51.432176;0;unknown
1311378899;60;9.303236;51.44365;0;unknown
1311378782;60;9.303236;51.44365;0;unknown
1311378718;2428;9.330015;51.430915;0;unknown
1311378631;2428;9.330015;51.430915;0;unknown
1311378598;2594;9.37341;51.432176;0;unknown
1311378538;1527;9.380283;51.417129;0;unknown
1311378418;63;9.401164;51.409839;0;unknown
1311378301;63;9.401164;51.409839;0;unknown
1311378299;2540;9.421712;51.409334;0;unknown
1311378179;425;9.416342;51.371824;0;unknown
1311378061;425;9.416342;51.371824;0;unknown
1311378001;1264;9.598564;51.344317;0;unknown
1311377948;1875;9.397409;51.348473;0;unknown
1311377946;2015;9.392453;51.346564;0;unknown
1311377883;1243;9.422376;51.344136;0;unknown
1311377817;1710;9.414937;51.331151;0;unknown
1311377702;34;9.441382;51.313704;0;unknown
1311377580;657;9.450575;51.313241;0;unknown
1311377463;136;9.461022;51.312611;0;unknown
1311377400;33;9.471975;51.310698;0;Work
1311377340;33;9.471975;51.310698;0;Work
1311377219;51;9.472688;51.310883;0;Work
1311376741;52;9.473055;51.311201;0;Work
1311376375;57;9.473031;51.311141;0;Work
1311372766;57;9.473031;51.311141;0;Work
1311369151;57;9.473031;51.311141;0;Work
1311368334;26639;9.681815;50.527822;0;unknown
1311367734;26639;9.681815;50.527822;0;unknown
1311367719;26639;9.681815;50.527822;0;unknown
1311367713;26639;9.681815;50.527822;0;unknown
1311367690;26639;9.681815;50.527822;0;unknown
1311367674;26639;9.681815;50.527822;0;unknown
1311367659;26639;9.681815;50.527822;0;unknown
1311367644;26639;9.681815;50.527822;0;unknown
1311367630;26639;9.681815;50.527822;0;unknown
1311367615;26639;9.681815;50.527822;0;unknown
1311367600;26639;9.681815;50.527822;0;unknown
1311367584;26639;9.681815;50.527822;0;unknown
1311367570;26639;9.681815;50.527822;0;unknown
1311367555;26639;9.681815;50.527822;0;unknown
1311367540;26639;9.681815;50.527822;0;unknown
1311365538;57;9.473031;51.311141;0;Work
1311361922;57;9.473031;51.311141;0;Work
1311358313;57;9.473031;51.311141;0;Work
1311354697;57;9.473008;51.311282;0;Work
1311351085;57;9.473008;51.311282;0;Work
1311347474;57;9.473008;51.311282;0;Work
1311343860;57;9.473008;51.311282;0;Work
1311340247;57;9.473008;51.311282;0;Work
1311336635;57;9.473008;51.311282;0;Work
1311333027;57;9.473008;51.311282;0;Work
1311329417;57;9.473139;51.311354;0;Work
1311325810;57;9.473139;51.311354;0;Work
1311322202;57;9.473139;51.311354;0;Work
1311318597;57;9.473139;51.311354;0;Work
1311318477;57;9.473139;51.311354;0;Work
1311318233;1200;9.469807;51.312318;0;unknown
1311314627;57;9.473296;51.311368;0;Work
1311314511;57;9.473166;51.311238;0;Work
1311314387;58;9.470767;51.311061;0;unknown
1311314326;58;9.470767;51.311061;0;unknown
1311314206;71;9.470416;51.31183;0;unknown
1311314152;74;9.470531;51.311663;0;unknown
1311314090;74;9.470531;51.311663;0;unknown
1311313851;59;9.43953;51.313805;0;unknown
1311313789;59;9.43953;51.313805;0;unknown
1311313788;70;9.4137;51.317746;0;unknown
1311313605;1994;9.425893;51.322511;0;unknown
1311313487;54;9.415269;51.338261;0;unknown
1311313413;2093;9.47281;51.328167;0;unknown
1311313311;1875;9.402366;51.350382;0;unknown
1311313250;1264;9.598564;51.344317;0;unknown
1311313193;2095;9.404538;51.372198;0;unknown
1311309762;4;9.403953;51.404299;0;Home
1311306157;4;9.403953;51.404299;0;Home
1311302553;4;9.403953;51.404299;0;Home
1311298949;4;9.403953;51.404299;0;Home
1311295345;4;9.403953;51.404299;0;Home
1311291741;4;9.403953;51.404299;0;Home
1311288137;4;9.403953;51.404299;0;Home
1311284533;4;9.403953;51.404299;0;Home
1311280929;4;9.403953;51.404299;0;Home
1311277325;4;9.403953;51.404299;0;Home
1311273963;4;9.403953;51.404299;0;Home
1311270314;4;9.403953;51.404299;0;Home
1311270295;9;9.404275;51.404374;0;unknown
1311270289;27;9.404275;51.404374;0;unknown
1311270284;181;9.403932;51.404374;0;Home
1311270283;181;9.403932;51.404374;0;Home
1311258992;1472;9.877924;49.823611;0;unknown
1311258529;1000;9.947499;49.801299;0;unknown
1311257670;1995;10.176886;49.731777;0;unknown
1311257120;1643;10.41977;49.646664;0;unknown
1311256869;2983;10.557143;49.600402;0;unknown
1311256517;2631;10.69704;49.55441;0;unknown
1311256212;1598;10.823301;49.524083;0;unknown
1311255880;1329;10.952312;49.469063;0;unknown
1311255567;1000;11.054728;49.441169;0;unknown
1311255567;2690;11.231849;49.214246;0;unknown
1311254574;2690;11.231849;49.214246;0;unknown
1311254382;2967;11.296081;49.083346;0;unknown
1311254192;1764;11.373344;48.994419;0;unknown
1311253834;2937;11.427228;48.788402;0;unknown
1311253512;706;11.434199;48.744818;0;unknown
1311253294;1312;11.434652;48.723595;0;unknown
1311253222;1368;11.456245;48.711512;0;unknown
1311252892;2955;11.464122;48.685919;0;unknown
1311252678;22780;11.446676;48.741249;0;unknown
1311252660;2771;11.480621;48.642375;0;unknown
1311252562;2771;11.480621;48.642375;0;unknown
1311252268;2985;11.567255;48.586268;0;unknown
1311251935;1602;11.50549;48.488866;0;unknown
1311251606;2950;11.443852;48.362672;0;unknown
1311251230;1508;11.453074;48.209137;0;unknown
1311250870;1000;11.505025;48.143778;0;unknown
1311247343;96;11.559248;48.140256;0;unknown
1311247125;96;11.559248;48.140256;0;unknown
1311246747;2195;11.554276;48.141418;0;unknown
1311246426;65;11.590744;48.130409;0;unknown
1311234171;500;11.59833;48.128061;0;unknown
1311233988;535;11.584918;48.13284;0;unknown
1311233793;500;11.59833;48.128061;0;unknown
1311233349;506;11.585196;48.132822;0;unknown
1311228341;1222;11.594007;48.129223;0;unknown
1311227937;1222;11.594007;48.129223;0;unknown
1311227747;1000;11.59833;48.128061;0;unknown
1311200289;684;11.610221;48.122714;0;unknown
1311199892;684;11.610221;48.122714;0;unknown
1311199687;1222;11.594007;48.129223;0;unknown
1311199282;1222;11.594007;48.129223;0;unknown
1311199092;1000;11.596242;48.125791;0;unknown
1311191028;789;11.58649;48.129554;0;unknown
1311190426;789;11.58649;48.129554;0;unknown
1311189942;789;11.58649;48.129554;0;unknown
1311189538;797;11.586497;48.129567;0;unknown
1311189387;506;11.585196;48.132822;0;unknown
1311187086;1222;11.594007;48.129223;0;unknown
1311186686;1222;11.594007;48.129223;0;unknown
1311186390;1000;11.610221;48.122714;0;unknown
1311185632;500;11.596004;48.125593;0;unknown
1311185608;1000;11.596242;48.125791;0;unknown
1311185228;1222;11.594007;48.129223;0;unknown
1311185030;684;11.610221;48.122714;0;unknown
1311180360;1222;11.594007;48.129223;0;unknown
1311180307;10;11.590624;48.130674;0;unknown
1311180128;10;11.589943;48.130217;0;unknown
1311179958;10;11.589783;48.130288;0;unknown
1311179605;1000;11.610221;48.122714;0;unknown
1311102349;1509;11.589355;48.130816;0;unknown
1311102167;1129;11.594703;48.129513;0;unknown
1311096410;100;11.580438;48.137578;0;unknown
1311096369;100;11.580438;48.137578;0;unknown
1311096189;891;11.581668;48.136827;0;unknown
1311095999;50;11.579601;48.137679;0;unknown
1311095819;65;11.579895;48.137834;0;unknown
1311095818;1282;11.576984;48.136061;0;unknown
1311087858;539;11.573254;48.137857;0;unknown
1311087638;582;11.576102;48.137095;0;unknown
1311087260;1000;11.572096;48.137557;0;unknown
1311086441;664;11.585941;48.129471;0;unknown
1311086119;534;11.58468;48.13262;0;unknown
1311086046;869;11.586276;48.129496;0;unknown
1311085670;1000;11.611979;48.129629;0;unknown
1311085373;1000;11.595057;48.130367;0;unknown
1311083260;643;11.609171;48.122733;0;unknown
1311082855;643;11.609171;48.122733;0;unknown
1311082612;1000;11.595701;48.125724;0;unknown
1311080983;797;11.586497;48.129567;0;unknown
1311080590;797;11.586497;48.129567;0;unknown
1311080127;1000;11.611979;48.129629;0;unknown
1311070813;65;11.589616;48.130569;0;unknown
1311070769;65;11.589616;48.130569;0;unknown
1311070589;65;11.589616;48.130569;0;unknown
1311070408;65;11.589616;48.130569;0;unknown
1311070219;1000;11.586497;48.129567;0;unknown
1311069371;100;11.560576;48.141128;0;unknown
1311069329;100;11.560576;48.141128;0;unknown
1311069145;65;11.559203;48.140228;0;unknown
1311068966;500;11.558591;48.136974;0;unknown
1311068671;1000;11.54148;48.142422;0;unknown
1311068595;1000;11.522787;48.144187;0;unknown
1311068268;13110;11.493603;48.201703;0;unknown
1311067892;2822;11.438098;48.270181;0;unknown
1311067584;2416;11.463687;48.406213;0;unknown
1311067273;1486;11.50916;48.530725;0;unknown
1311066972;1777;11.570734;48.604251;0;unknown
1311066952;1777;11.570734;48.604251;0;unknown
1311066570;2983;11.437285;48.696646;0;unknown
1311066518;1588;11.457415;48.71225;0;unknown
1311066268;1476;11.433428;48.723754;0;unknown
1311065928;2452;11.434449;48.741759;0;unknown
1311064964;2995;11.295618;49.083107;0;unknown
1311064748;2677;11.232192;49.214293;0;unknown
1311064560;1909;11.206678;49.314272;0;unknown
1311064141;500;11.086214;49.446342;0;unknown
1311064121;525;11.086452;49.446331;0;unknown
1311064103;731;11.080712;49.446005;0;unknown
1311064088;731;11.080712;49.446005;0;unknown
1311064073;731;11.080712;49.446005;0;unknown
1311064059;731;11.080712;49.446005;0;unknown
1311064044;731;11.080712;49.446005;0;unknown
1311064031;731;11.080712;49.446005;0;unknown
1311064018;731;11.080712;49.446005;0;unknown
1311051802;55;9.403654;51.404189;0;Home
1311049883;75;9.403455;51.404215;0;Home
1311049763;75;9.403455;51.404215;0;Home
1311049282;75;9.403455;51.404215;0;Home
1311048741;75;9.403455;51.404215;0;Home
1311048019;75;9.403455;51.404215;0;Home
1311046637;75;9.403455;51.404215;0;Home
1311046516;75;9.403455;51.404215;0;Home
1311046396;75;9.403455;51.404215;0;Home
1311046216;75;9.403455;51.404215;0;Home
1311046096;75;9.403455;51.404215;0;Home
1311040385;75;9.403455;51.404215;0;Home
1311038882;75;9.403455;51.404215;0;Home
1311037379;75;9.403455;51.404215;0;Home
1311037275;98;9.404146;51.404417;0;unknown
1311036237;9;9.403803;51.404321;0;Home
1311035515;9;9.403803;51.404321;0;Home
1311034914;9;9.403803;51.404321;0;Home
1311028121;9;9.403803;51.404321;0;Home
1311027399;9;9.403803;51.404321;0;Home
1311020962;9;9.403803;51.404321;0;Home
1311020842;9;9.403803;51.404321;0;Home
1311017234;9;9.403803;51.404321;0;Home
1311014713;9;9.403803;51.404321;0;Home
1311013748;9;9.403803;51.404321;0;Home
1311009961;9;9.403803;51.404321;0;Home
1311006231;9;9.403803;51.404321;0;Home
1311006111;9;9.403803;51.404321;0;Home
1311005991;9;9.403803;51.404321;0;Home
1311005871;9;9.403803;51.404321;0;Home
1311005751;9;9.403803;51.404321;0;Home
1311005630;9;9.403803;51.404321;0;Home
1311005510;9;9.403803;51.404321;0;Home
1311005390;9;9.403803;51.404321;0;Home
1311005270;9;9.403803;51.404321;0;Home
1311003105;9;9.403803;51.404321;0;Home
1311002985;9;9.403803;51.404321;0;Home
1311002864;9;9.403803;51.404321;0;Home
1311002743;9;9.403803;51.404321;0;Home
1311002623;9;9.403803;51.404321;0;Home
1311002503;9;9.403803;51.404321;0;Home
1311002383;9;9.403803;51.404321;0;Home
1311002262;9;9.403803;51.404321;0;Home
1311002143;9;9.403803;51.404321;0;Home
1311002022;9;9.403803;51.404321;0;Home
1311001899;9;9.403803;51.404321;0;Home
1310992274;9;9.403803;51.404321;0;Home
1310992154;9;9.403803;51.404321;0;Home
1310992034;9;9.403803;51.404321;0;Home
1310991913;9;9.403803;51.404321;0;Home
1310967066;9;9.403803;51.404321;0;Home
1310963460;9;9.403803;51.404321;0;Home
1310963340;9;9.403803;51.404321;0;Home
1310963217;9;9.403803;51.404321;0;Home
1310958095;9;9.403803;51.404321;0;Home
1310958092;27;9.403803;51.404321;0;Home
1310958090;27;9.403438;51.404181;0;Home
1310957992;27;9.403438;51.404181;0;Home
1310957872;27;9.403438;51.404181;0;Home
1310957752;27;9.403438;51.404181;0;Home
1310957632;27;9.403438;51.404181;0;Home
1310957511;27;9.403438;51.404181;0;Home
1310957391;27;9.403438;51.404181;0;Home
1310957271;27;9.403438;51.404181;0;Home
1310957151;27;9.403438;51.404181;0;Home
1310957030;27;9.403438;51.404181;0;Home
1310956910;27;9.403438;51.404181;0;Home
1310956790;27;9.403438;51.404181;0;Home
1310956670;27;9.403438;51.404181;0;Home
1310956549;27;9.403438;51.404181;0;Home
1310956429;27;9.403438;51.404181;0;Home
1310956309;27;9.403438;51.404181;0;Home
1310956189;27;9.403438;51.404181;0;Home
1310956069;27;9.403438;51.404181;0;Home
1310955948;27;9.403438;51.404181;0;Home
1310955828;27;9.403438;51.404181;0;Home
1310954265;27;9.403438;51.404181;0;Home
1310954145;27;9.403438;51.404181;0;Home
1310954025;27;9.403438;51.404181;0;Home
1310953905;27;9.403438;51.404181;0;Home
1310953785;27;9.403438;51.404181;0;Home
1310953664;27;9.403438;51.404181;0;Home
1310953544;27;9.403438;51.404181;0;Home
1310953424;27;9.403438;51.404181;0;Home
1310953304;27;9.403438;51.404181;0;Home
1310953184;27;9.403438;51.404181;0;Home
1310953063;27;9.403438;51.404181;0;Home
1310952943;27;9.403438;51.404181;0;Home
1310952823;27;9.403438;51.404181;0;Home
1310951440;27;9.403438;51.404181;0;Home
1310951320;27;9.403438;51.404181;0;Home
1310951200;27;9.403438;51.404181;0;Home
1310951080;27;9.403438;51.404181;0;Home
1310950960;27;9.403438;51.404181;0;Home
1310950839;27;9.403438;51.404181;0;Home
1310950719;27;9.403438;51.404181;0;Home
1310950599;27;9.403438;51.404181;0;Home
1310950479;27;9.403438;51.404181;0;Home
1310950358;27;9.403438;51.404181;0;Home
1310950238;27;9.403438;51.404181;0;Home
1310950118;27;9.403438;51.404181;0;Home
1310949998;27;9.403438;51.404181;0;Home
1310949878;27;9.403438;51.404181;0;Home
1310949757;27;9.403438;51.404181;0;Home
1310949637;27;9.403438;51.404181;0;Home
1310949517;27;9.403438;51.404181;0;Home
1310949397;27;9.403438;51.404181;0;Home
1310949277;27;9.403438;51.404181;0;Home
1310949156;27;9.403438;51.404181;0;Home
1310949036;27;9.403438;51.404181;0;Home
1310948916;27;9.403438;51.404181;0;Home
1310948796;27;9.403438;51.404181;0;Home
1310948676;27;9.403438;51.404181;0;Home
1310948495;27;9.403438;51.404181;0;Home
1310948375;27;9.403438;51.404181;0;Home
1310948255;27;9.403438;51.404181;0;Home
1310946572;27;9.403438;51.404181;0;Home
1310946451;27;9.403438;51.404181;0;Home
1310946331;27;9.403438;51.404181;0;Home
1310901964;27;9.403438;51.404181;0;Home
1310901843;27;9.403438;51.404181;0;Home
1310901722;27;9.403438;51.404181;0;Home
1310901602;27;9.403438;51.404181;0;Home
1310901481;27;9.403438;51.404181;0;Home
1310901360;27;9.403438;51.404181;0;Home
1310901239;27;9.403438;51.404181;0;Home
1310901119;27;9.403438;51.404181;0;Home
1310900998;27;9.403438;51.404181;0;Home
1310900878;27;9.403438;51.404181;0;Home
1310900758;27;9.403438;51.404181;0;Home
1310900637;27;9.403438;51.404181;0;Home
1310900517;27;9.403438;51.404181;0;Home
1310900397;27;9.403438;51.404181;0;Home
1310900277;27;9.403438;51.404181;0;Home
1310900156;27;9.403438;51.404181;0;Home
1310900036;27;9.403438;51.404181;0;Home
1310899916;27;9.403438;51.404181;0;Home
1310899796;27;9.403438;51.404181;0;Home
1310899676;27;9.403438;51.404181;0;Home
1310899556;27;9.403438;51.404181;0;Home
1310899435;27;9.403438;51.404181;0;Home
1310899315;27;9.403438;51.404181;0;Home
1310899195;27;9.403438;51.404181;0;Home
1310899075;27;9.403438;51.404181;0;Home
1310898954;27;9.403438;51.404181;0;Home
1310898834;27;9.403438;51.404181;0;Home
1310898714;27;9.403438;51.404181;0;Home
1310898594;27;9.403438;51.404181;0;Home
1310898474;27;9.403438;51.404181;0;Home
1310898353;27;9.403438;51.404181;0;Home
1310898233;27;9.403438;51.404181;0;Home
1310898112;27;9.403438;51.404181;0;Home
1310897992;27;9.403438;51.404181;0;Home
1310897872;27;9.403438;51.404181;0;Home
1310897752;27;9.403438;51.404181;0;Home
1310897631;27;9.403438;51.404181;0;Home
1310881037;27;9.403438;51.404181;0;Home
1310880917;27;9.403438;51.404181;0;Home
1310880797;27;9.403438;51.404181;0;Home
1310880676;27;9.403438;51.404181;0;Home
1310880556;27;9.403438;51.404181;0;Home
1310878752;27;9.403438;51.404181;0;Home
1310878631;27;9.403438;51.404181;0;Home
1310878511;27;9.403438;51.404181;0;Home
1310878390;27;9.403438;51.404181;0;Home
1310878269;27;9.403438;51.404181;0;Home
1310878149;27;9.403438;51.404181;0;Home
1310878029;27;9.403438;51.404181;0;Home
1310877908;27;9.403438;51.404181;0;Home
1310877788;27;9.403438;51.404181;0;Home
1310877668;27;9.403438;51.404181;0;Home
1310877548;27;9.403438;51.404181;0;Home
1310877428;27;9.403438;51.404181;0;Home
1310877308;27;9.403438;51.404181;0;Home
1310877188;27;9.403438;51.404181;0;Home
1310877067;27;9.403438;51.404181;0;Home
1310876887;27;9.403438;51.404181;0;Home
1310876767;27;9.403438;51.404181;0;Home
1310874844;27;9.403438;51.404181;0;Home
1310866970;27;9.403438;51.404181;0;Home
1310866849;27;9.403438;51.404181;0;Home
1310866729;27;9.403438;51.404181;0;Home
1310866609;27;9.403438;51.404181;0;Home
1310866489;27;9.403438;51.404181;0;Home
1310866368;27;9.403438;51.404181;0;Home
1310866248;27;9.403438;51.404181;0;Home
1310866128;27;9.403438;51.404181;0;Home
1310866007;27;9.403438;51.404181;0;Home
1310865887;27;9.403438;51.404181;0;Home
1310865767;27;9.403438;51.404181;0;Home
1310865647;27;9.403438;51.404181;0;Home
1310865526;27;9.403438;51.404181;0;Home
1310865406;27;9.403438;51.404181;0;Home
1310865286;27;9.403438;51.404181;0;Home
1310865166;27;9.403438;51.404181;0;Home
1310859638;27;9.403438;51.404181;0;Home
1310859518;27;9.403438;51.404181;0;Home
1310859398;27;9.403438;51.404181;0;Home
1310859277;27;9.403438;51.404181;0;Home
1310859157;27;9.403438;51.404181;0;Home
1310859037;27;9.403438;51.404181;0;Home
1310858916;27;9.403438;51.404181;0;Home
1310858796;27;9.403438;51.404181;0;Home
1310856753;27;9.403438;51.404181;0;Home
1310856633;27;9.403438;51.404181;0;Home
1310856512;27;9.403438;51.404181;0;Home
1310856392;27;9.403438;51.404181;0;Home
1310856272;27;9.403438;51.404181;0;Home
1310856152;27;9.403438;51.404181;0;Home
1310856032;27;9.403438;51.404181;0;Home
1310855912;27;9.403438;51.404181;0;Home
1310855792;27;9.403438;51.404181;0;Home
1310855671;27;9.403438;51.404181;0;Home
1310855551;27;9.403438;51.404181;0;Home
1310855431;27;9.403438;51.404181;0;Home
1310855311;27;9.403438;51.404181;0;Home
1310855190;27;9.403438;51.404181;0;Home
1310855070;27;9.403438;51.404181;0;Home
1310854950;27;9.403438;51.404181;0;Home
1310854829;27;9.403438;51.404181;0;Home
1310854709;27;9.403438;51.404181;0;Home
1310854589;27;9.403438;51.404181;0;Home
1310853748;27;9.403438;51.404181;0;Home
1310850739;27;9.403438;51.404181;0;Home
1310850619;27;9.403438;51.404181;0;Home
1310850498;27;9.403438;51.404181;0;Home
1310850378;27;9.403438;51.404181;0;Home
1310850258;27;9.403438;51.404181;0;Home
1310850138;27;9.403438;51.404181;0;Home
1310850017;27;9.403438;51.404181;0;Home
1310834087;27;9.403438;51.404181;0;Home
1310822664;27;9.403438;51.404181;0;Home
1310822544;27;9.403438;51.404181;0;Home
1310822423;27;9.403438;51.404181;0;Home
1310822303;27;9.403438;51.404181;0;Home
1310822183;27;9.403438;51.404181;0;Home
1310822062;27;9.403438;51.404181;0;Home
1310821942;27;9.403438;51.404181;0;Home
1310815810;27;9.403438;51.404181;0;Home
1310798257;27;9.403438;51.404181;0;Home
1310795614;27;9.403438;51.404181;0;Home
1310794651;27;9.403438;51.404181;0;Home
1310794531;27;9.403438;51.404181;0;Home
1310789768;27;9.403438;51.404181;0;Home
1310789744;27;9.403266;51.404278;0;Home
1310789735;27;9.403266;51.404278;0;Home
1310789659;27;9.403266;51.404278;0;Home
1310789539;27;9.403266;51.404278;0;Home
1310789419;27;9.403266;51.404278;0;Home
1310789299;27;9.403266;51.404278;0;Home
1310789179;27;9.403266;51.404278;0;Home
1310789059;27;9.403266;51.404278;0;Home
1310780226;27;9.403266;51.404278;0;Home
1310780106;27;9.403266;51.404278;0;Home
1310779986;27;9.403266;51.404278;0;Home
1310779865;27;9.403266;51.404278;0;Home
1310779745;27;9.403266;51.404278;0;Home
1310779625;27;9.403266;51.404278;0;Home
1310779324;27;9.403266;51.404278;0;Home
1310775715;27;9.403266;51.404278;0;Home
1310771714;27;9.403266;51.404278;0;Home
1310771707;45;9.403266;51.404278;0;Home
1310771701;45;9.40346;51.404299;0;Home
1310771693;55;9.403654;51.404189;0;Home
1310771448;55;9.403654;51.404189;0;Home
1310771328;55;9.403654;51.404189;0;Home
1310771208;55;9.403654;51.404189;0;Home
1310771088;55;9.403654;51.404189;0;Home
1310770968;55;9.403654;51.404189;0;Home
1310770247;45;9.40346;51.404299;0;Home
1310770127;45;9.40346;51.404299;0;Home
1310770007;45;9.40346;51.404299;0;Home
1310769886;45;9.40346;51.404299;0;Home
1310769766;45;9.40346;51.404299;0;Home
1310769586;55;9.403654;51.404189;0;Home
1310769466;55;9.403654;51.404189;0;Home
1310769346;55;9.403654;51.404189;0;Home
1310769226;55;9.403654;51.404189;0;Home
1310761892;55;9.403654;51.404189;0;Home
1310761772;55;9.403654;51.404189;0;Home
1310761652;55;9.403654;51.404189;0;Home
1310761532;55;9.403654;51.404189;0;Home
1310753119;55;9.403654;51.404189;0;Home
1310752999;55;9.403654;51.404189;0;Home
1310752878;55;9.403654;51.404189;0;Home
1310752758;55;9.403654;51.404189;0;Home
1310752578;55;9.403654;51.404189;0;Home
1310752458;55;9.403654;51.404189;0;Home
1310752338;55;9.403654;51.404189;0;Home
1310752218;55;9.403654;51.404189;0;Home
1310752098;55;9.403654;51.404189;0;Home
1310751978;55;9.403654;51.404189;0;Home
1310751858;55;9.403654;51.404189;0;Home
1310751737;55;9.403654;51.404189;0;Home
1310751557;55;9.403654;51.404189;0;Home
1310751437;55;9.403654;51.404189;0;Home
1310751317;55;9.403654;51.404189;0;Home
1310751197;55;9.403654;51.404189;0;Home
1310751077;55;9.403654;51.404189;0;Home
1310750956;55;9.403654;51.404189;0;Home
1310743082;55;9.403654;51.404189;0;Home
1310712858;55;9.403654;51.404189;0;Home
1310712737;55;9.403654;51.404189;0;Home
1310712617;55;9.403654;51.404189;0;Home
1310712135;55;9.403654;51.404189;0;Home
1310707924;55;9.403654;51.404189;0;Home
1310703719;55;9.403654;51.404189;0;Home
1310703238;55;9.403654;51.404189;0;Home
1310699639;55;9.403654;51.404189;0;Home
1310699518;55;9.403654;51.404189;0;Home
1310699398;55;9.403654;51.404189;0;Home
1310699278;55;9.403654;51.404189;0;Home
1310699158;55;9.403654;51.404189;0;Home
1310699038;55;9.403654;51.404189;0;Home
1310697776;55;9.403654;51.404189;0;Home
1310697055;55;9.403654;51.404189;0;Home
1310696935;55;9.403654;51.404189;0;Home
1310693991;55;9.403654;51.404189;0;Home
1310689124;55;9.403654;51.404189;0;Home
1310684858;55;9.403654;51.404189;0;Home
1310684798;55;9.403654;51.404189;0;Home
1310682816;55;9.403654;51.404189;0;Home
1310682756;55;9.403654;51.404189;0;Home
1310682155;55;9.403654;51.404189;0;Home
1310682095;55;9.403654;51.404189;0;Home
1310681434;55;9.403654;51.404189;0;Home
1310681374;55;9.403654;51.404189;0;Home
1310679813;55;9.403654;51.404189;0;Home
1310677645;55;9.403654;51.404189;0;Home
1310677530;75;9.403455;51.404215;0;Home
1310677470;75;9.403455;51.404215;0;Home
1310677410;75;9.403455;51.404215;0;Home
1310677350;75;9.403455;51.404215;0;Home
1310677290;75;9.403455;51.404215;0;Home
1310677230;75;9.403455;51.404215;0;Home
1310677170;75;9.403455;51.404215;0;Home
1310677109;75;9.403455;51.404215;0;Home
1310677049;75;9.403455;51.404215;0;Home
1310676989;75;9.403455;51.404215;0;Home
1310676929;75;9.403455;51.404215;0;Home
1310676869;75;9.403455;51.404215;0;Home
1310676809;75;9.403455;51.404215;0;Home
1310676749;75;9.403455;51.404215;0;Home
1310676689;75;9.403455;51.404215;0;Home
1310676629;75;9.403455;51.404215;0;Home
1310676569;75;9.403455;51.404215;0;Home
1310676509;75;9.403455;51.404215;0;Home
1310676449;75;9.403455;51.404215;0;Home
1310676389;75;9.403455;51.404215;0;Home
1310676329;75;9.403455;51.404215;0;Home
1310676269;75;9.403455;51.404215;0;Home
1310676208;75;9.403455;51.404215;0;Home
1310676148;75;9.403455;51.404215;0;Home
1310676088;75;9.403455;51.404215;0;Home
1310676028;75;9.403455;51.404215;0;Home
1310675968;75;9.403455;51.404215;0;Home
1310675908;75;9.403455;51.404215;0;Home
1310675848;75;9.403455;51.404215;0;Home
1310675788;75;9.403455;51.404215;0;Home
1310675728;75;9.403455;51.404215;0;Home
1310675668;75;9.403455;51.404215;0;Home
1310675608;75;9.403455;51.404215;0;Home
1310675548;75;9.403455;51.404215;0;Home
1310675487;75;9.403455;51.404215;0;Home
1310675427;75;9.403455;51.404215;0;Home
1310675367;75;9.403455;51.404215;0;Home
1310675307;75;9.403455;51.404215;0;Home
1310675247;75;9.403455;51.404215;0;Home
1310675187;75;9.403455;51.404215;0;Home
1310675127;75;9.403455;51.404215;0;Home
1310675067;75;9.403455;51.404215;0;Home
1310675007;75;9.403455;51.404215;0;Home
1310674947;75;9.403455;51.404215;0;Home
1310674827;75;9.403455;51.404215;0;Home
1310674767;75;9.403455;51.404215;0;Home
1310674707;75;9.403455;51.404215;0;Home
1310674647;75;9.403455;51.404215;0;Home
1310674587;75;9.403455;51.404215;0;Home
1310674527;75;9.403455;51.404215;0;Home
1310674467;75;9.403455;51.404215;0;Home
1310674407;75;9.403455;51.404215;0;Home
1310674346;75;9.403455;51.404215;0;Home
1310674286;75;9.403455;51.404215;0;Home
1310674226;75;9.403455;51.404215;0;Home
1310674166;75;9.403455;51.404215;0;Home
1310674106;75;9.403455;51.404215;0;Home
1310674046;75;9.403455;51.404215;0;Home
1310673986;75;9.403455;51.404215;0;Home
1310673926;75;9.403455;51.404215;0;Home
1310673866;75;9.403455;51.404215;0;Home
1310673806;75;9.403455;51.404215;0;Home
1310673746;75;9.403455;51.404215;0;Home
1310673686;75;9.403455;51.404215;0;Home
1310673626;75;9.403455;51.404215;0;Home
1310673566;75;9.403455;51.404215;0;Home
1310673506;75;9.403455;51.404215;0;Home
1310673446;75;9.403455;51.404215;0;Home
1310673385;75;9.403455;51.404215;0;Home
1310673325;75;9.403455;51.404215;0;Home
1310673265;75;9.403455;51.404215;0;Home
1310673205;75;9.403455;51.404215;0;Home
1310673145;75;9.403455;51.404215;0;Home
1310673085;75;9.403455;51.404215;0;Home
1310673025;75;9.403455;51.404215;0;Home
1310672965;75;9.403455;51.404215;0;Home
1310672905;75;9.403455;51.404215;0;Home
1310672845;75;9.403455;51.404215;0;Home
1310672785;75;9.403455;51.404215;0;Home
1310672725;75;9.403455;51.404215;0;Home
1310672665;75;9.403455;51.404215;0;Home
1310672604;75;9.403455;51.404215;0;Home
1310672544;75;9.403455;51.404215;0;Home
1310672484;75;9.403455;51.404215;0;Home
1310672424;75;9.403455;51.404215;0;Home
1310672364;75;9.403455;51.404215;0;Home
1310672304;75;9.403455;51.404215;0;Home
1310672244;75;9.403455;51.404215;0;Home
1310672184;75;9.403455;51.404215;0;Home
1310672124;75;9.403455;51.404215;0;Home
1310672064;75;9.403455;51.404215;0;Home
1310672004;75;9.403455;51.404215;0;Home
1310671944;75;9.403455;51.404215;0;Home
1310671884;75;9.403455;51.404215;0;Home
1310671824;75;9.403455;51.404215;0;Home
1310671764;75;9.403455;51.404215;0;Home
1310671704;75;9.403455;51.404215;0;Home
1310671644;75;9.403455;51.404215;0;Home
1310671583;75;9.403455;51.404215;0;Home
1310671523;75;9.403455;51.404215;0;Home
1310671463;75;9.403455;51.404215;0;Home
1310671403;75;9.403455;51.404215;0;Home
1310671343;75;9.403455;51.404215;0;Home
1310671283;75;9.403455;51.404215;0;Home
1310671223;75;9.403455;51.404215;0;Home
1310671163;75;9.403455;51.404215;0;Home
1310671103;75;9.403455;51.404215;0;Home
1310671043;75;9.403455;51.404215;0;Home
1310670983;75;9.403455;51.404215;0;Home
1310670923;75;9.403455;51.404215;0;Home
1310670863;75;9.403455;51.404215;0;Home
1310670803;75;9.403455;51.404215;0;Home
1310670742;75;9.403455;51.404215;0;Home
1310670682;75;9.403455;51.404215;0;Home
1310670622;75;9.403455;51.404215;0;Home
1310670562;75;9.403455;51.404215;0;Home
1310670502;75;9.403455;51.404215;0;Home
1310670442;75;9.403455;51.404215;0;Home
1310670382;75;9.403455;51.404215;0;Home
1310670322;75;9.403455;51.404215;0;Home
1310670262;75;9.403455;51.404215;0;Home
1310670202;75;9.403455;51.404215;0;Home
1310670142;75;9.403455;51.404215;0;Home
1310670081;75;9.403455;51.404215;0;Home
1310670021;75;9.403455;51.404215;0;Home
1310669961;75;9.403455;51.404215;0;Home
1310669901;75;9.403455;51.404215;0;Home
1310669841;75;9.403455;51.404215;0;Home
1310669781;75;9.403455;51.404215;0;Home
1310669721;75;9.403455;51.404215;0;Home
1310669661;75;9.403455;51.404215;0;Home
1310669601;75;9.403455;51.404215;0;Home
1310669541;75;9.403455;51.404215;0;Home
1310669481;75;9.403455;51.404215;0;Home
1310669421;75;9.403455;51.404215;0;Home
1310669360;75;9.403455;51.404215;0;Home
1310669300;75;9.403455;51.404215;0;Home
1310669240;75;9.403455;51.404215;0;Home
1310669180;75;9.403455;51.404215;0;Home
1310669120;75;9.403455;51.404215;0;Home
1310669060;75;9.403455;51.404215;0;Home
1310669000;75;9.403455;51.404215;0;Home
1310668940;75;9.403455;51.404215;0;Home
1310668820;75;9.403455;51.404215;0;Home
1310668760;75;9.403455;51.404215;0;Home
1310668700;75;9.403455;51.404215;0;Home
1310668640;75;9.403455;51.404215;0;Home
1310668580;75;9.403455;51.404215;0;Home
1310668520;75;9.403455;51.404215;0;Home
1310668460;75;9.403455;51.404215;0;Home
1310668400;75;9.403455;51.404215;0;Home
1310668340;75;9.403455;51.404215;0;Home
1310668280;75;9.403455;51.404215;0;Home
1310668220;75;9.403455;51.404215;0;Home
1310668160;75;9.403455;51.404215;0;Home
1310668099;75;9.403455;51.404215;0;Home
1310668039;75;9.403455;51.404215;0;Home
1310667979;75;9.403455;51.404215;0;Home
1310667919;75;9.403455;51.404215;0;Home
1310667859;75;9.403455;51.404215;0;Home
1310667799;75;9.403455;51.404215;0;Home
1310667739;75;9.403455;51.404215;0;Home
1310667679;75;9.403455;51.404215;0;Home
1310667619;75;9.403455;51.404215;0;Home
1310667559;75;9.403455;51.404215;0;Home
1310667499;75;9.403455;51.404215;0;Home
1310667439;75;9.403455;51.404215;0;Home
1310667378;75;9.403455;51.404215;0;Home
1310667318;75;9.403455;51.404215;0;Home
1310667258;75;9.403455;51.404215;0;Home
1310667198;75;9.403455;51.404215;0;Home
1310667138;75;9.403455;51.404215;0;Home
1310667078;75;9.403455;51.404215;0;Home
1310667018;75;9.403455;51.404215;0;Home
1310666958;75;9.403455;51.404215;0;Home
1310666898;75;9.403455;51.404215;0;Home
1310666838;75;9.403455;51.404215;0;Home
1310666778;75;9.403455;51.404215;0;Home
1310666718;75;9.403455;51.404215;0;Home
1310666657;75;9.403455;51.404215;0;Home
1310666597;75;9.403455;51.404215;0;Home
1310666537;75;9.403455;51.404215;0;Home
1310666477;75;9.403455;51.404215;0;Home
1310666417;75;9.403455;51.404215;0;Home
1310666357;75;9.403455;51.404215;0;Home
1310666297;75;9.403455;51.404215;0;Home
1310666237;75;9.403455;51.404215;0;Home
1310666177;75;9.403455;51.404215;0;Home
1310666117;75;9.403455;51.404215;0;Home
1310666057;75;9.403455;51.404215;0;Home
1310665997;75;9.403455;51.404215;0;Home
1310665936;75;9.403455;51.404215;0;Home
1310665876;75;9.403455;51.404215;0;Home
1310665816;75;9.403455;51.404215;0;Home
1310665756;75;9.403455;51.404215;0;Home
1310665696;75;9.403455;51.404215;0;Home
1310665636;75;9.403455;51.404215;0;Home
1310665576;75;9.403455;51.404215;0;Home
1310665516;75;9.403455;51.404215;0;Home
1310665456;75;9.403455;51.404215;0;Home
1310665396;75;9.403455;51.404215;0;Home
1310665276;75;9.403455;51.404215;0;Home
1310665216;75;9.403455;51.404215;0;Home
1310665155;75;9.403455;51.404215;0;Home
1310665095;75;9.403455;51.404215;0;Home
1310665035;75;9.403455;51.404215;0;Home
1310664975;75;9.403455;51.404215;0;Home
1310664915;75;9.403455;51.404215;0;Home
1310664855;75;9.403455;51.404215;0;Home
1310664795;75;9.403455;51.404215;0;Home
1310664675;75;9.403455;51.404215;0;Home
1310664615;75;9.403455;51.404215;0;Home
1310664555;75;9.403455;51.404215;0;Home
1310664435;75;9.403455;51.404215;0;Home
1310664375;75;9.403455;51.404215;0;Home
1310664315;75;9.403455;51.404215;0;Home
1310664195;75;9.403455;51.404215;0;Home
1310664134;75;9.403455;51.404215;0;Home
1310664074;75;9.403455;51.404215;0;Home
1310663954;75;9.403455;51.404215;0;Home
1310663894;75;9.403455;51.404215;0;Home
1310663834;75;9.403455;51.404215;0;Home
1310663774;75;9.403455;51.404215;0;Home
1310663714;75;9.403455;51.404215;0;Home
1310663654;75;9.403455;51.404215;0;Home
1310663594;75;9.403455;51.404215;0;Home
1310663534;75;9.403455;51.404215;0;Home
1310663474;75;9.403455;51.404215;0;Home
1310663414;75;9.403455;51.404215;0;Home
1310663354;75;9.403455;51.404215;0;Home
1310663294;75;9.403455;51.404215;0;Home
1310663234;75;9.403455;51.404215;0;Home
1310663174;75;9.403455;51.404215;0;Home
1310663114;75;9.403455;51.404215;0;Home
1310663054;75;9.403455;51.404215;0;Home
1310662994;75;9.403455;51.404215;0;Home
1310662934;75;9.403455;51.404215;0;Home
1310662874;75;9.403455;51.404215;0;Home
1310662814;75;9.403455;51.404215;0;Home
1310662753;75;9.403455;51.404215;0;Home
1310662693;75;9.403455;51.404215;0;Home
1310662633;75;9.403455;51.404215;0;Home
1310662573;75;9.403455;51.404215;0;Home
1310662513;75;9.403455;51.404215;0;Home
1310662453;75;9.403455;51.404215;0;Home
1310662393;75;9.403455;51.404215;0;Home
1310662333;75;9.403455;51.404215;0;Home
1310662273;75;9.403455;51.404215;0;Home
1310662213;55;9.403654;51.404189;0;Home
1310662153;75;9.403455;51.404215;0;Home
1310662093;55;9.403654;51.404189;0;Home
1310662033;75;9.403455;51.404215;0;Home
1310661973;75;9.403455;51.404215;0;Home
1310661913;75;9.403455;51.404215;0;Home
1310661792;75;9.403455;51.404215;0;Home
1310661732;75;9.403455;51.404215;0;Home
1310661672;75;9.403455;51.404215;0;Home
1310661612;75;9.403455;51.404215;0;Home
1310661552;75;9.403455;51.404215;0;Home
1310661492;75;9.403455;51.404215;0;Home
1310661432;75;9.403455;51.404215;0;Home
1310661372;75;9.403455;51.404215;0;Home
1310661312;75;9.403455;51.404215;0;Home
1310661192;75;9.403455;51.404215;0;Home
1310661131;75;9.403455;51.404215;0;Home
1310661071;75;9.403455;51.404215;0;Home
1310661011;75;9.403455;51.404215;0;Home
1310660951;75;9.403455;51.404215;0;Home
1310660891;75;9.403455;51.404215;0;Home
1310660831;75;9.403455;51.404215;0;Home
1310660771;75;9.403455;51.404215;0;Home
1310660711;75;9.403455;51.404215;0;Home
1310660591;75;9.403455;51.404215;0;Home
1310660531;75;9.403455;51.404215;0;Home
1310660471;75;9.403455;51.404215;0;Home
1310660411;75;9.403455;51.404215;0;Home
1310660351;75;9.403455;51.404215;0;Home
1310660291;75;9.403455;51.404215;0;Home
1310660231;75;9.403455;51.404215;0;Home
1310660171;75;9.403455;51.404215;0;Home
1310660111;75;9.403455;51.404215;0;Home
1310660051;75;9.403455;51.404215;0;Home
1310659991;75;9.403455;51.404215;0;Home
1310659930;75;9.403455;51.404215;0;Home
1310659870;75;9.403455;51.404215;0;Home
1310659750;75;9.403455;51.404215;0;Home
1310659690;75;9.403455;51.404215;0;Home
1310659630;75;9.403455;51.404215;0;Home
1310659570;75;9.403455;51.404215;0;Home
1310659510;75;9.403455;51.404215;0;Home
1310659450;75;9.403455;51.404215;0;Home
1310659390;75;9.403455;51.404215;0;Home
1310659330;75;9.403455;51.404215;0;Home
1310659270;75;9.403455;51.404215;0;Home
1310659210;75;9.403455;51.404215;0;Home
1310659150;75;9.403455;51.404215;0;Home
1310659030;75;9.403455;51.404215;0;Home
1310658970;75;9.403455;51.404215;0;Home
1310658910;75;9.403455;51.404215;0;Home
1310658850;75;9.403455;51.404215;0;Home
1310658790;75;9.403455;51.404215;0;Home
1310658730;75;9.403455;51.404215;0;Home
1310656931;70;9.473645;51.311665;0;Work
1310656811;60;9.472982;51.311538;0;Work
1310656450;70;9.473645;51.311665;0;Work
1310652839;60;9.472982;51.311538;0;Work
1310652750;60;9.472982;51.311538;0;Work
1310652723;65;9.473772;51.311823;0;Work
1310649115;40;9.473283;51.311645;0;Work
1310645510;40;9.473283;51.311645;0;Work
1310645029;47;9.473318;51.311619;0;Work
1310644370;48;9.473361;51.311745;0;Work
1310643353;60;9.472982;51.311538;0;Work
1310643289;60;9.472982;51.311538;0;Work
1310643109;108;9.472539;51.310864;0;Work
1310643048;108;9.472539;51.310864;0;Work
1310642629;48;9.473361;51.311745;0;Work
1310641663;60;9.472982;51.311538;0;Work
1310641543;65;9.473656;51.311706;0;Work
1310637939;48;9.473361;51.311745;0;Work
1310634937;57;9.473052;51.311438;0;Work
1310634276;47;9.473318;51.311619;0;Work
1310632954;47;9.473318;51.311619;0;Work
1310632054;47;9.473318;51.311619;0;Work
1310628451;47;9.473318;51.311619;0;Work
1310627313;65;9.473772;51.311823;0;Work
1310627250;65;9.473772;51.311823;0;Work
1310626953;80;9.472701;51.310778;0;Work
1310626890;80;9.472701;51.310778;0;Work
1310626835;91;9.470986;51.310867;0;unknown
1310626830;94;9.471505;51.311037;0;unknown
1310626769;167;9.468738;51.31142;0;unknown
1310626654;147;9.465526;51.312325;0;unknown
1310626650;150;9.465416;51.312348;0;unknown
1310626534;60;9.464222;51.312715;0;unknown
1310626529;535;9.458462;51.312918;0;unknown
1310626353;60;9.442309;51.313672;0;unknown
1310626289;60;9.442309;51.313672;0;unknown
1310626180;1418;9.429308;51.314704;0;unknown
1310626171;1773;9.431863;51.313606;0;unknown
1310626058;1710;9.414937;51.331151;0;unknown
1310625936;1710;9.414937;51.331151;0;unknown
1310625872;1874;9.402356;51.350402;0;unknown
1310625808;1267;9.598531;51.344204;0;unknown
1310625705;1267;9.598531;51.344204;0;unknown
1310625692;2096;9.404293;51.372222;0;unknown
1310625632;2096;9.404293;51.372222;0;unknown
1310623168;55;9.403678;51.404182;0;Home
1310619507;55;9.403678;51.404182;0;Home
1310615844;55;9.403765;51.404152;0;Home
1310612241;55;9.403678;51.404182;0;Home
1310612181;55;9.403678;51.404182;0;Home
1310611339;2544;9.42241;51.409175;0;unknown
1310607690;27;9.403803;51.404149;0;Home
1310607687;45;9.403975;51.404074;0;Home
1310607683;55;9.403678;51.404182;0;Home
1310605635;55;9.403678;51.404182;0;Home
1310605575;55;9.403678;51.404182;0;Home
1310605514;2533;9.421788;51.409235;0;unknown
1310601855;55;9.403678;51.404182;0;Home
1310601791;55;9.403678;51.404182;0;Home
1310601730;2544;9.42241;51.409175;0;unknown
1310598127;51;9.403783;51.404167;0;Home
1310594524;51;9.403783;51.404167;0;Home
1310592363;51;9.403783;51.404167;0;Home
1310588755;51;9.403783;51.404167;0;Home
1310585154;51;9.403783;51.404167;0;Home
1310581546;51;9.403783;51.404167;0;Home
1310577935;51;9.403783;51.404167;0;Home
1310574330;51;9.403783;51.404167;0;Home
1310574270;51;9.403783;51.404167;0;Home
1310574213;2533;9.421788;51.409235;0;unknown
1310574099;2533;9.421788;51.409235;0;unknown
1310573973;1267;9.598531;51.344204;0;unknown
1310573913;1267;9.598531;51.344204;0;unknown
1310573909;1874;9.402356;51.350402;0;unknown
1310573791;75;9.412903;51.331164;0;unknown
1310573677;75;9.412903;51.331164;0;unknown
1310573434;36;9.445465;51.313467;0;unknown
1310573430;60;9.445498;51.313506;0;unknown
1310573310;1787;9.464183;51.312559;0;unknown
1310573194;88;9.470929;51.311565;0;unknown
1310573133;27;9.472284;51.310769;0;Work
1310573070;27;9.472284;51.310769;0;Work
1310572950;48;9.472921;51.311054;0;Work
1310571384;54;9.473013;51.311403;0;Work
1310571144;56;9.473033;51.311454;0;Work
1310571105;98;9.473261;51.311259;0;Work
1310571079;54;9.473013;51.311403;0;Work
1310571049;181;9.471673;51.312568;0;unknown
1310568260;48;9.473281;51.311506;0;Work
1310567537;56;9.473182;51.311371;0;Work
1310567237;57;9.473588;51.311593;0;Work
1310566336;58;9.473642;51.311676;0;Work
1310565973;59;9.473742;51.311763;0;Work
1310565913;65;9.473771;51.311833;0;Work
1310562608;56;9.473091;51.311363;0;Work
1310562547;59;9.473662;51.311651;0;Work
1310558943;45;9.473591;51.31122;0;Work
1310558883;46;9.473631;51.311189;0;Work
1310558702;62;9.474061;51.311417;0;Work
1310558403;75;9.474257;51.311115;0;Work
1310558338;75;9.474257;51.311115;0;Work
1310556596;56;9.473071;51.311343;0;Work
1310556535;75;9.472788;51.310977;0;Work
1310555693;56;9.473033;51.311454;0;Work
1310555578;56;9.473033;51.311454;0;Work
1310555461;55;9.403678;51.404182;0;Home
1310555341;55;9.403678;51.404182;0;Home
1310555221;55;9.403678;51.404182;0;Home
1310555101;55;9.403678;51.404182;0;Home
1310551379;55;9.403678;51.404182;0;Home
1310547536;55;9.403678;51.404182;0;Home
1310546288;27;9.472339;51.311484;0;Work
1310546284;27;9.47221;51.311559;0;Work
1310546282;45;9.47221;51.311559;0;Work
1310546214;55;9.403678;51.404182;0;Home
1310546094;55;9.403678;51.404182;0;Home
1310545974;55;9.403678;51.404182;0;Home
1310545734;55;9.403678;51.404182;0;Home
1310545614;55;9.403678;51.404182;0;Home
1310545493;55;9.403678;51.404182;0;Home
1310545373;55;9.403678;51.404182;0;Home
1310545253;55;9.403678;51.404182;0;Home
1310545133;55;9.403678;51.404182;0;Home
1310545013;55;9.403678;51.404182;0;Home
1310544893;55;9.403678;51.404182;0;Home
1310544713;55;9.403678;51.404182;0;Home
1310544533;55;9.403678;51.404182;0;Home
1310544412;55;9.403678;51.404182;0;Home
1310543932;55;9.403678;51.404182;0;Home
1310540086;55;9.403678;51.404182;0;Home
1310539966;55;9.403678;51.404182;0;Home
1310539785;55;9.403678;51.404182;0;Home
1310539665;55;9.403678;51.404182;0;Home
1310539544;55;9.403678;51.404182;0;Home
1310535453;55;9.403678;51.404182;0;Home
1310503119;55;9.403678;51.404182;0;Home
1310499508;55;9.403678;51.404182;0;Home
1310495899;55;9.403678;51.404182;0;Home
1310492288;55;9.403678;51.404182;0;Home
1310491927;75;9.40352;51.404165;0;Home
1310491862;75;9.403487;51.404205;0;Home
1310491859;2544;9.42241;51.409175;0;unknown
1310491785;75;9.403487;51.404205;0;Home
1310491760;364;9.40494;51.404353;0;unknown
1310491008;51;9.403755;51.404146;0;Home
1310490948;51;9.403717;51.404124;0;Home
1310490834;2533;9.421788;51.409235;0;unknown
1310490708;2096;9.404293;51.372222;0;unknown
1310490486;72;9.41514;51.336049;0;unknown
1310490411;72;9.41514;51.336049;0;unknown
1310490348;1710;9.414937;51.331151;0;unknown
1310490288;60;9.434881;51.31411;0;unknown
1310490171;110;9.442116;51.313672;0;unknown
1310490169;737;9.453409;51.313168;0;unknown
1310490051;737;9.453409;51.313168;0;unknown
1310489991;86;9.4648;51.31265;0;unknown
1310489931;144;9.465717;51.312629;0;unknown
1310489747;48;9.472608;51.310732;0;Work
1310489687;48;9.472608;51.310732;0;Work
1310487398;56;9.473219;51.311136;0;Work
1310487338;59;9.47325;51.311168;0;Work
1310487278;62;9.473626;51.311482;0;Work
1310486917;41;9.472945;51.311072;0;Work
1310485530;54;9.473083;51.311422;0;Work
1310481915;54;9.473013;51.311403;0;Work
1310478967;54;9.473083;51.311422;0;Work
1310475354;54;9.473083;51.311422;0;Work
1310472102;54;9.473111;51.311365;0;Work
1310468488;54;9.473111;51.311365;0;Work
1310468428;54;9.473111;51.311365;0;Work
1310468308;65;9.472958;51.310804;0;Work
1310468250;67;9.472832;51.310736;0;Work
1310468188;67;9.472832;51.310736;0;Work
1310468095;27;9.472725;51.311774;0;Work
1310468088;45;9.472596;51.31186;0;Work
1310468083;98;9.472596;51.31186;0;Work
1310467947;120;9.473297;51.312484;0;Work
1310467887;120;9.473297;51.312484;0;Work
1310467522;60;9.472817;51.311366;0;Work
1310467462;60;9.472817;51.311366;0;Work
1310465176;48;9.472579;51.312136;0;unknown
1310465116;48;9.472579;51.312136;0;unknown
1310464574;54;9.473101;51.311353;0;Work
1310460964;54;9.473126;51.311369;0;Work
1310457355;54;9.473116;51.311429;0;Work
1310453750;54;9.473116;51.311429;0;Work
1310453688;54;9.473116;51.311429;0;Work
1310453573;42;9.472401;51.310903;0;Work
1310452701;1996;9.425613;51.322646;0;unknown
1310452697;2213;9.433378;51.31739;0;unknown
1310452554;60;9.41716;51.363988;0;unknown
1310452491;60;9.41716;51.363988;0;unknown
1310452372;1267;9.598531;51.344204;0;unknown
1310452310;2096;9.404293;51.372222;0;unknown
1310450563;51;9.40381;51.404097;0;Home
1310448941;55;9.403678;51.404182;0;Home
1310445336;55;9.403678;51.404182;0;Home
1310441732;55;9.403678;51.404182;0;Home
1310438125;55;9.403678;51.404182;0;Home
1310434520;55;9.403678;51.404182;0;Home
1310430915;55;9.403678;51.404182;0;Home
1310427310;55;9.403678;51.404182;0;Home
1310423709;55;9.403678;51.404182;0;Home
1310420424;55;9.403678;51.404182;0;Home
1310420343;55;9.403678;51.404182;0;Home
1310420226;55;9.403678;51.404182;0;Home
1310420103;55;9.403678;51.404182;0;Home
1310419982;55;9.403678;51.404182;0;Home
1310416680;75;9.403487;51.404205;0;Home
1310413068;75;9.403487;51.404205;0;Home
1310409461;75;9.403523;51.404172;0;Home
1310405855;75;9.403523;51.404172;0;Home
1310402239;75;9.403487;51.404205;0;Home
1310398627;51;9.403953;51.40406;0;Home
1310398568;75;9.403943;51.40375;0;unknown
1310398510;2098;9.404169;51.372251;0;unknown
1310398450;2098;9.404169;51.372251;0;unknown
1310398330;1266;9.59859;51.344217;0;unknown
1310398268;1875;9.402275;51.350377;0;unknown
1310398151;3387;9.422594;51.343675;0;unknown
1310398149;1710;9.414937;51.331151;0;unknown
1310397977;60;9.434968;51.314064;0;unknown
1310397787;60;9.447273;51.313217;0;unknown
1310397668;60;9.447273;51.313217;0;unknown
1310397552;56;9.470653;51.311473;0;unknown
1310397490;56;9.470653;51.311473;0;unknown
1310397366;20;9.472144;51.310849;0;Work
1310397308;64;9.472326;51.311157;0;Work
1310397245;64;9.472326;51.311157;0;Work
1310396764;40;9.472262;51.312298;0;unknown
1310396703;40;9.472262;51.312298;0;unknown
1310395142;42;9.472773;51.311286;0;Work
1310395021;42;9.472773;51.311286;0;Work
1310391291;42;9.472773;51.311286;0;Work
1310387685;42;9.472773;51.311286;0;Work
1310384373;56;9.473091;51.311363;0;Work
1310380742;56;9.473091;51.311363;0;Work
1310380716;56;9.473091;51.311363;0;Work
1310378537;56;9.473091;51.311363;0;Work
1310374930;56;9.473033;51.311454;0;Work
1310371323;56;9.473033;51.311454;0;Work
1310367715;56;9.473033;51.311454;0;Work
1310367598;56;9.473033;51.311454;0;Work
1310366993;54;9.472673;51.310986;0;Work
1310366912;54;9.472673;51.310986;0;Work
1310366878;54;9.472673;51.310986;0;Work
1310366876;70;9.466163;51.312569;0;unknown
1310366757;70;9.466163;51.312569;0;unknown
1310366582;55;9.455342;51.3131;0;unknown
1310366520;97;9.454951;51.313102;0;unknown
1310366396;60;9.451343;51.313184;0;unknown
1310366215;1418;9.429308;51.314704;0;unknown
1310366097;1996;9.425613;51.322646;0;unknown
1310366032;1710;9.414937;51.331151;0;unknown
1310365919;60;9.41716;51.363988;0;unknown
1310365795;60;9.41716;51.363988;0;unknown
1310365734;1266;9.59859;51.344217;0;unknown
1310365673;2098;9.404169;51.372251;0;unknown
1310362687;27;9.404189;51.404289;0;unknown
1310362683;45;9.404189;51.404289;0;unknown
1310362679;75;9.403487;51.404205;0;Home
1310359183;75;9.403487;51.404205;0;Home
1310355577;75;9.403487;51.404205;0;Home
1310351973;75;9.403487;51.404205;0;Home
1310351913;75;9.403487;51.404205;0;Home
1310350590;2544;9.42241;51.409175;0;unknown
1310346988;75;9.403487;51.404205;0;Home
1310343382;75;9.403487;51.404205;0;Home
1310343322;75;9.403487;51.404205;0;Home
1310343261;2544;9.42241;51.409175;0;unknown
1310339630;27;9.404017;51.404289;0;Home
1310339619;45;9.403867;51.404289;0;Home
1310339614;98;9.403867;51.404289;0;Home
1310339607;364;9.406893;51.403806;0;unknown
1310339296;75;9.403487;51.404205;0;Home
1310339179;75;9.403487;51.404205;0;Home
1310338816;2480;9.454721;51.424351;0;unknown
1310338700;2480;9.454721;51.424351;0;unknown
1310337795;75;9.403487;51.404205;0;Home
1310334193;75;9.403487;51.404205;0;Home
1310334131;75;9.403487;51.404205;0;Home
1310333229;2544;9.42241;51.409175;0;unknown
1310329625;75;9.403487;51.404205;0;Home
1310329564;75;9.403487;51.404205;0;Home
1310328701;75;9.403487;51.404205;0;Home
1310328693;75;9.403487;51.404205;0;Home
1310144304;54;9.473013;51.311403;0;Work
1310140332;54;9.473078;51.311416;0;Work
1310136723;54;9.473013;51.311403;0;Work
1310133112;54;9.473013;51.311403;0;Work
1310129502;54;9.473013;51.311403;0;Work
1310125897;54;9.473013;51.311403;0;Work
1310122285;54;9.473013;51.311403;0;Work
1310118677;54;9.473066;51.311416;0;Work
1310115067;36;9.472908;51.310963;0;Work
1310111456;36;9.472908;51.310963;0;Work
1310107848;36;9.472908;51.310963;0;Work
1310107785;36;9.472908;51.310963;0;Work
1310107729;240;9.470058;51.311437;0;unknown
1310107669;273;9.469115;51.311622;0;unknown
1310107667;280;9.468302;51.311757;0;unknown
1310107607;280;9.468302;51.311757;0;unknown
1310107489;60;9.464461;51.312659;0;unknown
1310107427;2909;9.517104;51.264972;0;unknown
1310107365;57;9.436613;51.314022;0;unknown
1310107305;57;9.436613;51.314022;0;unknown
1310107127;65;9.41365;51.317813;0;unknown
1310107062;65;9.41365;51.317813;0;unknown
1310107010;966;9.41415;51.326494;0;unknown
1310106949;1710;9.414937;51.331151;0;unknown
1310106826;1710;9.414937;51.331151;0;unknown
1310106709;60;9.41716;51.363988;0;unknown
1310106645;60;9.41716;51.363988;0;unknown
1310106585;1266;9.59859;51.344217;0;unknown
1310106527;2098;9.404169;51.372251;0;unknown
1310103152;55;9.403678;51.404182;0;Home
1310102070;55;9.403678;51.404182;0;Home
1310098464;55;9.403678;51.404182;0;Home
1310094858;55;9.403678;51.404182;0;Home
1310091252;55;9.403678;51.404182;0;Home
1310087646;55;9.403678;51.404182;0;Home
1310084041;55;9.403678;51.404182;0;Home
1310083925;55;9.403678;51.404182;0;Home
1310080316;55;9.403678;51.404182;0;Home
1310076950;55;9.403678;51.404182;0;Home
1310073342;55;9.403678;51.404182;0;Home
1310071056;75;9.40352;51.404165;0;Home
1310067450;75;9.403487;51.404205;0;Home
1310063837;75;9.403487;51.404205;0;Home
1310060230;75;9.403487;51.404205;0;Home
1310056622;75;9.403487;51.404205;0;Home
1310053014;75;9.403487;51.404205;0;Home
1310052952;75;9.403487;51.404205;0;Home
1310052894;2544;9.42241;51.409175;0;unknown
1310052774;2544;9.42241;51.409175;0;unknown
1310052712;2955;9.406936;51.375565;0;unknown
1310052593;1266;9.59859;51.344217;0;unknown
1310052535;1871;9.402437;51.350472;0;unknown
1310052415;1220;9.422464;51.344091;0;unknown
1310052350;1710;9.414937;51.331151;0;unknown
1310052112;60;9.440299;51.313797;0;unknown
1310052050;60;9.440299;51.313797;0;unknown
1310051936;60;9.470315;51.312403;0;unknown
1310051874;60;9.470315;51.312403;0;unknown
1310051749;23;9.472198;51.310829;0;Work
1310051690;46;9.47255;51.310933;0;Work
1310051627;46;9.47255;51.310933;0;Work
1310049943;38;9.473233;51.311464;0;Work
1310049825;38;9.473233;51.311464;0;Work
1310046214;38;9.473233;51.311464;0;Work
1310045735;38;9.473241;51.31154;0;Work
1310045494;38;9.473241;51.31154;0;Work
1310044712;38;9.473241;51.31154;0;Work
1310041105;38;9.473241;51.31154;0;Work
1310039784;56;9.473493;51.311613;0;Work
1310039723;56;9.473493;51.311613;0;Work
1310039699;181;9.473712;51.31098;0;Work
1310039666;63;9.473529;51.311638;0;Work
1310036057;34;9.473013;51.311321;0;Work
1310032452;34;9.473013;51.311321;0;Work
1310031971;34;9.473013;51.311321;0;Work
1310031731;34;9.473013;51.311321;0;Work
1310030468;34;9.473013;51.311321;0;Work
1310026864;34;9.473013;51.311321;0;Work
1310026744;34;9.473013;51.311321;0;Work
1310026624;34;9.473013;51.311321;0;Work
1310026504;34;9.473013;51.311321;0;Work
1310022900;34;9.473013;51.311321;0;Work
1310022838;34;9.473013;51.311321;0;Work
1310022779;36;9.472266;51.310789;0;Work
1310022717;36;9.472266;51.310789;0;Work
1310022663;63;9.471483;51.310681;0;unknown
1310022598;64;9.471396;51.31075;0;unknown
1310022483;57;9.466057;51.312623;0;unknown
1310022421;57;9.466057;51.312623;0;unknown
1310022363;60;9.441335;51.313692;0;unknown
1310022300;60;9.441335;51.313692;0;unknown
1310022299;539;9.432905;51.314137;0;unknown
1310022239;2079;9.433204;51.313853;0;unknown
1310022123;65;9.425185;51.314493;0;unknown
1310022060;65;9.425185;51.314493;0;unknown
1310021879;1710;9.414937;51.331151;0;unknown
1310021759;1710;9.414937;51.331151;0;unknown
1310021583;1266;9.59859;51.344217;0;unknown
1310021463;71;9.404279;51.40307;0;unknown
1310021400;71;9.404279;51.40307;0;unknown
1310021097;55;9.403678;51.404182;0;Home
1310021036;55;9.403678;51.404182;0;Home
1310020857;2480;9.454721;51.424351;0;unknown
1310020796;2480;9.454721;51.424351;0;unknown
1310019296;55;9.403678;51.404182;0;Home
1310015688;55;9.403678;51.404182;0;Home
1310015628;55;9.403678;51.404182;0;Home
1310014905;2544;9.42241;51.409175;0;unknown
1310011299;55;9.403678;51.404182;0;Home
1310007695;55;9.403678;51.404182;0;Home
1310007633;55;9.403678;51.404182;0;Home
1310007151;2544;9.42241;51.409175;0;unknown
1310007091;2544;9.42241;51.409175;0;unknown
1310007031;2480;9.454721;51.424351;0;unknown
1310006914;2480;9.454721;51.424351;0;unknown
1310006552;55;9.403678;51.404182;0;Home
1310002947;55;9.403678;51.404182;0;Home
1309999338;55;9.403678;51.404182;0;Home
1309995731;55;9.403678;51.404182;0;Home
1309992128;55;9.403678;51.404182;0;Home
1309992066;55;9.403678;51.404182;0;Home
1309991164;2544;9.42241;51.409175;0;unknown
1309987557;55;9.403678;51.404182;0;Home
1309974761;55;9.403678;51.404182;0;Home
1309974701;55;9.403678;51.404182;0;Home
1309974581;254;9.402333;51.405338;0;unknown
1309974521;414;9.400349;51.407065;0;unknown
1309974414;60;9.396759;51.410038;0;unknown
1309973792;2544;9.42241;51.409175;0;unknown
1309973730;2544;9.42241;51.409175;0;unknown
1309973664;2098;9.404169;51.372251;0;unknown
1309973604;2098;9.404169;51.372251;0;unknown
1309973542;1266;9.59859;51.344217;0;unknown
1309973482;1875;9.402275;51.350377;0;unknown
1309973365;1710;9.414937;51.331151;0;unknown
1309973184;60;9.438449;51.31389;0;unknown
1309973122;60;9.438449;51.31389;0;unknown
1309973064;231;9.444967;51.313209;0;unknown
1309973002;231;9.444967;51.313209;0;unknown
1309972944;587;9.456974;51.312822;0;unknown
1309972882;587;9.456974;51.312822;0;unknown
1309972771;203;9.468532;51.311671;0;unknown
1309972703;48;9.472301;51.310782;0;Work
1309972583;48;9.472301;51.310782;0;Work
1309971140;38;9.473233;51.311464;0;Work
1309967531;38;9.473233;51.311464;0;Work
1309963920;38;9.473233;51.311464;0;Work
1309963679;38;9.473241;51.31154;0;Work
1309963138;38;9.473241;51.31154;0;Work
1309959530;38;9.473241;51.31154;0;Work
1309957721;40;9.473273;51.311538;0;Work
1309956279;34;9.47325;51.311468;0;Work
1309952677;34;9.47325;51.311468;0;Work
1309949832;45;9.473133;51.311141;0;Work
1309949712;45;9.473133;51.311141;0;Work
1309946092;45;9.473133;51.311141;0;Work
1309943451;54;9.472884;51.311309;0;Work
1309939844;38;9.473256;51.311545;0;Work
1309936240;38;9.473256;51.311545;0;Work
1309935818;44;9.473234;51.311554;0;Work
1309935699;61;9.473567;51.311595;0;Work
1309935639;62;9.473132;51.311225;0;Work
1309935343;25;9.472077;51.310663;0;Work
1309935279;25;9.472077;51.310663;0;Work
1309935221;1103;9.469489;51.308999;0;unknown
1309935041;43;9.439034;51.313873;0;unknown
1309934977;47;9.439014;51.313869;0;unknown
1309934869;47;9.439014;51.313869;0;unknown
1309934860;1418;9.429308;51.314704;0;unknown
1309934740;1418;9.429308;51.314704;0;unknown
1309934559;1710;9.414937;51.331151;0;unknown
1309934442;1220;9.422464;51.344091;0;unknown
1309934321;695;9.409853;51.396519;0;unknown
1309934016;55;9.403666;51.404154;0;Home
1309933597;55;9.403678;51.404182;0;Home
1309929990;55;9.403678;51.404182;0;Home
1309929930;55;9.403678;51.404182;0;Home
1309929328;2544;9.42241;51.409175;0;unknown
1309925722;55;9.403678;51.404182;0;Home
1309922118;55;9.403678;51.404182;0;Home
1309922056;55;9.403678;51.404182;0;Home
1309921942;27;9.402859;51.404567;0;unknown
1309921941;98;9.402494;51.404803;0;unknown
1309918813;55;9.403678;51.404182;0;Home
1309918751;55;9.403678;51.404182;0;Home
1309918510;2544;9.42241;51.409175;0;unknown
1309914906;55;9.403678;51.404182;0;Home
1309914846;55;9.403678;51.404182;0;Home
1309914485;2544;9.42241;51.409175;0;unknown
1309910882;55;9.403678;51.404182;0;Home
1309910822;55;9.403678;51.404182;0;Home
1309910340;2544;9.42241;51.409175;0;unknown
1309906734;55;9.403678;51.404182;0;Home
1309903128;55;9.403678;51.404182;0;Home
1309903068;55;9.403678;51.404182;0;Home
1309903007;2544;9.42241;51.409175;0;unknown
1309899368;55;9.403678;51.404182;0;Home
1309896939;75;9.403487;51.404205;0;Home
1309893334;75;9.40352;51.404165;0;Home
1309889722;75;9.40352;51.404165;0;Home
1309886110;75;9.403487;51.404205;0;Home
1309882501;75;9.403523;51.404172;0;Home
1309882439;75;9.403523;51.404172;0;Home
1309882265;60;9.416077;51.374397;0;unknown
1309882145;60;9.416077;51.374397;0;unknown
1309882143;1266;9.59859;51.344217;0;unknown
1309882081;1266;9.59859;51.344217;0;unknown
1309882023;1875;9.402275;51.350377;0;unknown
1309881865;57;9.439721;51.313819;0;unknown
1309881667;215;9.441183;51.313636;0;unknown
1309881600;215;9.441183;51.313636;0;unknown
1309881542;342;9.463468;51.312705;0;unknown
1309881430;225;9.468372;51.311849;0;unknown
1309881241;54;9.471945;51.310809;0;Work
1309881180;54;9.471945;51.310809;0;Work
1309881073;39;9.47352;51.311277;0;Work
1309877515;39;9.473317;51.311603;0;Work
1309873907;39;9.473317;51.311603;0;Work
1309870303;39;9.473317;51.311603;0;Work
1309866688;39;9.473317;51.311603;0;Work
1309863076;39;9.473317;51.311603;0;Work
1309859473;39;9.473317;51.311603;0;Work
1309856765;39;9.473317;51.311603;0;Work
1309856707;39;9.473317;51.311603;0;Work
1309853095;39;9.473317;51.311603;0;Work
1309851410;48;9.473507;51.311668;0;Work
1309851109;52;9.473559;51.311656;0;Work
1309849305;38;9.47291;51.311338;0;Work
1309849189;38;9.47291;51.311338;0;Work
1309849050;23;9.471995;51.310706;0;Work
1309848990;23;9.471995;51.310706;0;Work
1309848935;52;9.471086;51.311618;0;unknown
1309848891;189;9.464178;51.31255;0;unknown
1309848828;118;9.461554;51.312766;0;unknown
1309848752;182;9.450593;51.313156;0;unknown
1309848692;67;9.444495;51.313507;0;unknown
1309848629;87;9.442077;51.313678;0;unknown
1309848527;60;9.434593;51.313999;0;unknown
1309848453;60;9.434593;51.313999;0;unknown
1309848406;1418;9.429308;51.314704;0;unknown
1309848227;75;9.412888;51.331265;0;unknown
1309848152;75;9.412888;51.331265;0;unknown
1309847989;1875;9.402275;51.350377;0;unknown
1309847929;1266;9.59859;51.344217;0;unknown
1309847853;2098;9.405553;51.373908;0;unknown
1309847852;2955;9.406936;51.375565;0;unknown
1309844738;55;9.403678;51.404182;0;Home
1309841135;55;9.403678;51.404182;0;Home
1309841073;55;9.403678;51.404182;0;Home
1309840832;2544;9.42241;51.409175;0;unknown
1309840772;2544;9.42241;51.409175;0;unknown
1309840651;3682;9.372026;51.387948;0;unknown
1309836992;55;9.403678;51.404182;0;Home
1309836930;55;9.403678;51.404182;0;Home
1309836748;2544;9.42241;51.409175;0;unknown
1309833143;55;9.403678;51.404182;0;Home
1309829540;55;9.403678;51.404182;0;Home
1309829478;55;9.403678;51.404182;0;Home
1309829300;2544;9.42241;51.409175;0;unknown
1309825657;27;9.404211;51.404128;0;unknown
1309825654;45;9.404726;51.403967;0;unknown
1309825652;98;9.404726;51.403967;0;unknown
1309825647;55;9.403678;51.404182;0;Home
1309823829;55;9.403678;51.404182;0;Home
1309820228;55;9.403678;51.404182;0;Home
1309816619;55;9.403678;51.404182;0;Home
1309812994;55;9.403678;51.404182;0;Home
1309810730;75;9.403487;51.404205;0;Home
1309807124;75;9.40352;51.404165;0;Home
1309803516;75;9.40352;51.404165;0;Home
1309799905;75;9.40352;51.404165;0;Home
1309799845;75;9.40352;51.404165;0;Home
1309799777;2544;9.42241;51.409175;0;unknown
1309799712;2544;9.42241;51.409175;0;unknown
1309799641;2096;9.404185;51.372201;0;unknown
1309799581;2096;9.404185;51.372201;0;unknown
1309799519;1268;9.598565;51.344222;0;unknown
1309799407;1217;9.422462;51.34407;0;unknown
1309799340;1217;9.422462;51.34407;0;unknown
1309799282;1710;9.414937;51.331151;0;unknown
1309799188;336;9.44141;51.313663;0;unknown
1309799102;65;9.453423;51.313185;0;unknown
1309799040;65;9.453423;51.313185;0;unknown
1309798980;82;9.459017;51.312847;0;unknown
1309798921;377;9.466393;51.312401;0;unknown
1309798861;49;9.472387;51.31103;0;Work
1309798741;49;9.472387;51.31103;0;Work
1309795315;34;9.473318;51.311589;0;Work
1309793271;34;9.473318;51.311589;0;Work
1309789659;34;9.473318;51.311589;0;Work
1309786775;34;9.473318;51.311589;0;Work
1309783165;34;9.473318;51.311589;0;Work
1309779560;34;9.473318;51.311589;0;Work
1309777457;34;9.473318;51.311589;0;Work
1309773851;34;9.473318;51.311589;0;Work
1309773796;34;9.473318;51.311589;0;Work
1309772772;34;9.473318;51.311589;0;Work
1309769163;34;9.473318;51.311589;0;Work
1309768981;34;9.473318;51.311589;0;Work
1309765371;34;9.473318;51.311589;0;Work
1309764228;52;9.473559;51.311656;0;Work
1309764167;52;9.473559;51.311656;0;Work
1309763868;59;9.47143;51.311208;0;unknown
1309763750;59;9.47143;51.311208;0;unknown
1309763629;60;9.464747;51.312666;0;unknown
1309763568;60;9.464747;51.312666;0;unknown
1309763391;95;9.442001;51.313684;0;unknown
1309763267;95;9.442001;51.313684;0;unknown
1309763145;65;9.41365;51.317813;0;unknown
1309763031;65;9.41365;51.317813;0;unknown
1309762789;1217;9.422462;51.34407;0;unknown
1309762727;1871;9.402437;51.350472;0;unknown
1309762611;1268;9.598565;51.344222;0;unknown
1309762609;2096;9.404185;51.372201;0;unknown
1309760977;27;9.403738;51.404342;0;Home
1309757343;27;9.403738;51.404342;0;Home
1309757339;27;9.40376;51.404246;0;Home
1309757337;27;9.40376;51.404246;0;Home
1309757332;27;9.40376;51.404246;0;Home
1309755213;27;9.40376;51.404246;0;Home
1309751607;27;9.40376;51.404246;0;Home
1309750946;27;9.40376;51.404246;0;Home
1309747341;27;9.40376;51.404246;0;Home
1309746562;27;9.40376;51.404246;0;Home
1309742956;27;9.40376;51.404246;0;Home
1309739313;27;9.40376;51.404246;0;Home
1309739310;45;9.40376;51.404246;0;Home
1309739307;55;9.403678;51.404182;0;Home
1309739303;181;9.404189;51.404557;0;Parents
1309736287;55;9.403678;51.404182;0;Home
1309732686;55;9.403678;51.404182;0;Home
1309729079;55;9.403678;51.404182;0;Home
1309728530;181;9.403395;51.404471;0;Home
1309728529;181;9.403395;51.404471;0;Home
1309728528;181;9.403803;51.404632;0;unknown
1309728527;181;9.403803;51.404632;0;unknown
1309728518;55;9.403678;51.404182;0;Home
1309580771;55;9.403728;51.404125;0;Home
1309577161;55;9.403765;51.404152;0;Home
1309573552;55;9.403666;51.404154;0;Home
1309569939;55;9.403678;51.404182;0;Home
1309566327;55;9.403666;51.404154;0;Home
1309562715;55;9.403666;51.404154;0;Home
1309559106;55;9.403678;51.404182;0;Home
1309555497;55;9.403678;51.404182;0;Home
1309551890;55;9.403678;51.404182;0;Home
1309548279;55;9.403678;51.404182;0;Home
1309544672;55;9.403678;51.404182;0;Home
1309541065;55;9.403678;51.404182;0;Home
1309537456;55;9.403678;51.404182;0;Home
1309533847;55;9.403678;51.404182;0;Home
1309533787;75;9.403487;51.404205;0;Home
1309533666;2574;9.422934;51.409115;0;unknown
1309533606;2574;9.422934;51.409115;0;unknown
1309533486;2096;9.404185;51.372201;0;unknown
1309533418;1268;9.598565;51.344222;0;unknown
1309533355;1871;9.402437;51.350472;0;unknown
1309533295;1710;9.414937;51.331151;0;unknown
1309533176;1710;9.414937;51.331151;0;unknown
1309532993;53;9.441648;51.313693;0;unknown
1309532877;53;9.441648;51.313693;0;unknown
1309532874;60;9.470607;51.311515;0;unknown
1309532572;30;9.472077;51.310702;0;Work
1309532512;48;9.472356;51.310794;0;Work
1309530344;39;9.473441;51.311103;0;Work
1309528147;54;9.473126;51.311369;0;Work
1309527968;54;9.473013;51.311403;0;Work
1309524357;54;9.473013;51.311403;0;Work
1309522607;56;9.472979;51.311305;0;Work
1309522547;60;9.472817;51.311366;0;Work
1309522487;65;9.473003;51.311863;0;Work
1309522427;65;9.473003;51.311863;0;Work
1309522246;47;9.474017;51.31137;0;Work
1309522193;49;9.473997;51.311316;0;Work
1309520804;54;9.473101;51.311353;0;Work
1309520445;54;9.473126;51.311369;0;Work
1309520378;54;9.473126;51.311369;0;Work
1309520374;98;9.473412;51.311827;0;Work
1309518457;54;9.473126;51.311369;0;Work
1309514845;54;9.473116;51.311429;0;Work
1309511233;54;9.473116;51.311429;0;Work
1309507620;54;9.473116;51.311429;0;Work
1309504008;54;9.473124;51.311306;0;Work
1309503894;54;9.473111;51.311365;0;Work
1309503773;2895;9.516971;51.264773;0;unknown
1309503713;2895;9.516971;51.264773;0;unknown
1309503603;123;9.471158;51.311626;0;unknown
1309503532;224;9.464629;51.312574;0;unknown
1309503418;224;9.464629;51.312574;0;unknown
1309503347;60;9.440909;51.313743;0;unknown
1309503272;60;9.440909;51.313743;0;unknown
1309502866;57;9.41487;51.335464;0;unknown
1309502748;57;9.41487;51.335464;0;unknown
1309502746;60;9.415957;51.37442;0;unknown
1309502631;60;9.415957;51.37442;0;unknown
1309502569;1268;9.598565;51.344222;0;unknown
1309502509;2096;9.404185;51.372201;0;unknown
1309502266;55;9.403678;51.404182;0;Home
1309501660;55;9.403678;51.404182;0;Home
1309498056;55;9.403678;51.404182;0;Home
1309494452;55;9.403678;51.404182;0;Home
1309490608;55;9.403678;51.404182;0;Home
1309487004;55;9.403678;51.404182;0;Home
1309483279;55;9.403678;51.404182;0;Home
1309479195;55;9.403678;51.404182;0;Home
1309475590;55;9.403678;51.404182;0;Home
1309471986;55;9.403678;51.404182;0;Home
1309468143;55;9.403678;51.404182;0;Home
1309464537;55;9.403678;51.404182;0;Home
1309460929;55;9.403678;51.404182;0;Home
1309460628;55;9.403678;51.404182;0;Home
1309457019;55;9.403678;51.404182;0;Home
1309456959;55;9.403678;51.404182;0;Home
1309456479;75;9.404172;51.404623;0;Parents
1309456365;75;9.404172;51.404623;0;Parents
1309455637;2574;9.422934;51.409115;0;unknown
1309455577;2574;9.422934;51.409115;0;unknown
1309455512;2496;9.455002;51.424479;0;unknown
1309455509;3724;9.371995;51.387634;0;unknown
1309455396;2096;9.404185;51.372201;0;unknown
1309455335;1268;9.598565;51.344222;0;unknown
1309455155;1710;9.414937;51.331151;0;unknown
1309455095;1710;9.414937;51.331151;0;unknown
1309454795;60;9.445052;51.313534;0;unknown
1309454734;60;9.445052;51.313534;0;unknown
1309454674;286;9.472639;51.312231;0;unknown
1309454614;60;9.471521;51.312124;0;Sport
1309454374;39;9.472083;51.310564;0;Work
1309454314;56;9.472019;51.31079;0;Work
1309452083;54;9.473013;51.311403;0;Work
1309448472;54;9.473013;51.311403;0;Work
1309447872;54;9.473244;51.311472;0;Work
1309444259;54;9.473244;51.311472;0;Work
1309443418;56;9.473156;51.311663;0;Work
1309443358;60;9.472728;51.311798;0;Work
1309443298;286;9.472639;51.312231;0;unknown
1309443237;286;9.472639;51.312231;0;unknown
1309442337;377;9.469146;51.308805;0;unknown
1309442277;64;9.471242;51.312279;0;unknown
1309442096;113;9.47257;51.31221;0;unknown
1309442036;60;9.474027;51.312099;0;Work
1309438905;54;9.473111;51.311365;0;Work
1309435294;54;9.473111;51.311365;0;Work
1309434632;56;9.47321;51.311355;0;Work
1309434510;79;9.473278;51.311467;0;Work
1309434449;79;9.473278;51.311467;0;Work
1309434388;1207;9.469774;51.312306;0;unknown
1309430774;46;9.473304;51.31163;0;Work
1309430653;56;9.473033;51.311454;0;Work
1309430473;60;9.472978;51.311559;0;Work
1309430367;364;9.485621;51.312578;0;unknown
1309430367;56;9.473033;51.311454;0;Work
1309430176;56;9.473033;51.311454;0;Work
1309430056;56;9.473033;51.311454;0;Work
1309429873;46;9.474253;51.311347;0;Work
1309429753;57;9.47453;51.311372;0;unknown
1309429693;57;9.47453;51.311372;0;unknown
1309428791;377;9.469146;51.308805;0;unknown
1309428675;57;9.474586;51.311229;0;unknown
1309428612;82;9.474345;51.311949;0;Work
1309428550;82;9.474345;51.311949;0;Work
1309426686;36;9.473381;51.31168;0;Work
1309426628;36;9.473381;51.31168;0;Work
1309423022;36;9.473381;51.31168;0;Work
1309420555;36;9.473381;51.31168;0;Work
1309416944;36;9.473381;51.31168;0;Work
1309416824;41;9.473442;51.311662;0;Work
1309415503;56;9.473141;51.311497;0;Work
1309415385;56;9.473141;51.311497;0;Work
1309415080;48;9.472126;51.310503;0;unknown
1309414962;56;9.471724;51.310804;0;unknown
1309414905;314;9.462784;51.312355;0;unknown
1309414843;314;9.462784;51.312355;0;unknown
1309414665;60;9.443758;51.31364;0;unknown
1309414543;60;9.443663;51.313643;0;unknown
1309414541;1770;9.431624;51.313618;0;unknown
1309414427;1416;9.429301;51.314707;0;unknown
1309414184;1710;9.414937;51.331151;0;unknown
1309414125;2325;9.412737;51.329309;0;unknown
1309414087;2450;9.427783;51.345508;0;unknown
1309414004;1871;9.402437;51.350472;0;unknown
1309413941;1268;9.598565;51.344222;0;unknown
1309413883;2096;9.404185;51.372201;0;unknown
1309413823;2904;9.401904;51.377979;0;unknown
1309413459;55;9.403678;51.404182;0;Home
1309409852;55;9.403678;51.404182;0;Home
1309406235;55;9.403678;51.404182;0;Home
1309402580;55;9.403678;51.404182;0;Home
1309402093;55;9.403678;51.404182;0;Home
1309398489;55;9.403678;51.404182;0;Home
1309394721;55;9.403678;51.404182;0;Home
1309394643;55;9.403678;51.404182;0;Home
1309391039;55;9.403678;51.404182;0;Home
1309387425;55;9.403678;51.404182;0;Home
1309383825;55;9.403678;51.404182;0;Home
1309380215;55;9.403666;51.404154;0;Home
1309376609;55;9.403666;51.404154;0;Home
1309373003;55;9.403678;51.404182;0;Home
1309369342;55;9.403678;51.404182;0;Home
1309365733;55;9.403678;51.404182;0;Home
1309365726;75;9.403487;51.404205;0;Home
1309365665;75;9.403487;51.404205;0;Home
1309365546;2574;9.422934;51.409115;0;unknown
1309365426;2574;9.422934;51.409115;0;unknown
1309365309;1268;9.598565;51.344222;0;unknown
1309365186;1217;9.422462;51.34407;0;unknown
1309365139;1217;9.422462;51.34407;0;unknown
1309365135;1217;9.422462;51.34407;0;unknown
1309365132;1217;9.422462;51.34407;0;unknown
1309365130;1217;9.422462;51.34407;0;unknown
1309365127;1217;9.422462;51.34407;0;unknown
1309365126;1217;9.422462;51.34407;0;unknown
1309365122;1217;9.422462;51.34407;0;unknown
1309365121;1217;9.422462;51.34407;0;unknown
1309365118;1217;9.422462;51.34407;0;unknown
1309365117;1217;9.422462;51.34407;0;unknown
1309365115;1217;9.422462;51.34407;0;unknown
1309365110;1217;9.422462;51.34407;0;unknown
1309365110;1217;9.422462;51.34407;0;unknown
1309365108;1217;9.422462;51.34407;0;unknown
1309365106;1217;9.422462;51.34407;0;unknown
1309365103;1217;9.422462;51.34407;0;unknown
1309365103;1217;9.422462;51.34407;0;unknown
1309365100;1217;9.422462;51.34407;0;unknown
1309365100;1217;9.422462;51.34407;0;unknown
1309365097;1217;9.422462;51.34407;0;unknown
1309365097;1217;9.422462;51.34407;0;unknown
1309365096;1217;9.422462;51.34407;0;unknown
1309365096;1217;9.422462;51.34407;0;unknown
1309365095;65;9.425185;51.314493;0;unknown
1309365050;65;9.425185;51.314493;0;unknown
1309365004;65;9.425185;51.314493;0;unknown
1309364999;65;9.425185;51.314493;0;unknown
1309364996;65;9.425185;51.314493;0;unknown
1309364994;65;9.425185;51.314493;0;unknown
1309364992;65;9.425185;51.314493;0;unknown
1309364989;65;9.425185;51.314493;0;unknown
1309364987;65;9.425185;51.314493;0;unknown
1309364985;65;9.425185;51.314493;0;unknown
1309364982;65;9.425185;51.314493;0;unknown
1309364980;65;9.425185;51.314493;0;unknown
1309364978;65;9.425185;51.314493;0;unknown
1309364975;65;9.425185;51.314493;0;unknown
1309364973;65;9.425185;51.314493;0;unknown
1309364971;65;9.425185;51.314493;0;unknown
1309364968;65;9.425185;51.314493;0;unknown
1309364966;65;9.425185;51.314493;0;unknown
1309364964;65;9.425185;51.314493;0;unknown
1309364961;65;9.425185;51.314493;0;unknown
1309364961;65;9.425185;51.314493;0;unknown
1309364958;65;9.425185;51.314493;0;unknown
1309364917;65;9.425185;51.314493;0;unknown
1309364869;65;9.425185;51.314493;0;unknown
1309364853;1947;9.456791;51.312096;0;unknown
1309364850;1947;9.456791;51.312096;0;unknown
1309364847;1947;9.456791;51.312096;0;unknown
1309364833;1948;9.456829;51.312121;0;unknown
1309364827;690;9.439937;51.313375;0;unknown
1309364820;690;9.439937;51.313375;0;unknown
1309364817;690;9.439937;51.313375;0;unknown
1309364814;690;9.439937;51.313375;0;unknown
1309364811;690;9.439937;51.313375;0;unknown
1309364808;690;9.439937;51.313375;0;unknown
1309364806;690;9.439937;51.313375;0;unknown
1309364803;690;9.439937;51.313375;0;unknown
1309364800;690;9.439937;51.313375;0;unknown
1309364797;690;9.439937;51.313375;0;unknown
1309364795;690;9.439937;51.313375;0;unknown
1309364792;690;9.439937;51.313375;0;unknown
1309364780;690;9.439937;51.313375;0;unknown
1309364737;330;9.447314;51.312817;0;unknown
1309364690;330;9.447314;51.312817;0;unknown
1309364685;330;9.447314;51.312817;0;unknown
1309364685;330;9.447314;51.312817;0;unknown
1309364682;330;9.447314;51.312817;0;unknown
1309364680;330;9.447314;51.312817;0;unknown
1309364677;330;9.447314;51.312817;0;unknown
1309364674;330;9.447314;51.312817;0;unknown
1309364671;330;9.447314;51.312817;0;unknown
1309364668;330;9.447314;51.312817;0;unknown
1309364651;330;9.447314;51.312817;0;unknown
1309364645;330;9.447314;51.312817;0;unknown
1309364634;89;9.470115;51.311757;0;unknown
1309364630;89;9.470115;51.311757;0;unknown
1309364627;89;9.470115;51.311757;0;unknown
1309364624;89;9.470115;51.311757;0;unknown
1309364621;89;9.470115;51.311757;0;unknown
1309364618;89;9.470115;51.311757;0;unknown
1309364616;89;9.470115;51.311757;0;unknown
1309364613;89;9.470115;51.311757;0;unknown
1309364610;89;9.470115;51.311757;0;unknown
1309364607;89;9.470115;51.311757;0;unknown
1309364605;89;9.470115;51.311757;0;unknown
1309364603;89;9.470115;51.311757;0;unknown
1309364601;60;9.46985;51.312422;0;unknown
1309364554;60;9.46985;51.312422;0;unknown
1309364549;1851;9.460149;51.314245;0;unknown
1309364546;1851;9.460149;51.314245;0;unknown
1309364543;1851;9.460149;51.314245;0;unknown
1309364541;1851;9.460149;51.314245;0;unknown
1309364538;1851;9.460149;51.314245;0;unknown
1309364536;1851;9.460149;51.314245;0;unknown
1309364533;1851;9.460149;51.314245;0;unknown
1309364531;1851;9.460149;51.314245;0;unknown
1309364528;1851;9.460149;51.314245;0;unknown
1309364526;1851;9.460149;51.314245;0;unknown
1309364523;1851;9.460149;51.314245;0;unknown
1309364521;1851;9.460149;51.314245;0;unknown
1309364518;1851;9.460149;51.314245;0;unknown
1309364516;1851;9.460149;51.314245;0;unknown
1309364515;1851;9.460153;51.314208;0;unknown
1309364511;60;9.46985;51.312422;0;unknown
1309364511;60;9.46985;51.312422;0;unknown
1309364503;60;9.46985;51.312422;0;unknown
1309364501;60;9.46985;51.312422;0;unknown
1309364498;60;9.46985;51.312422;0;unknown
1309364496;60;9.46985;51.312422;0;unknown
1309364494;60;9.46985;51.312422;0;unknown
1309364491;60;9.46985;51.312422;0;unknown
1309364489;60;9.46985;51.312422;0;unknown
1309364487;60;9.46985;51.312422;0;unknown
1309364484;60;9.46985;51.312422;0;unknown
1309364482;60;9.46985;51.312422;0;unknown
1309364480;60;9.46985;51.312422;0;unknown
1309364477;60;9.46985;51.312422;0;unknown
1309364475;60;9.46985;51.312422;0;unknown
1309364473;60;9.46985;51.312422;0;unknown
1309364471;60;9.46985;51.312422;0;unknown
1309364468;60;9.46985;51.312422;0;unknown
1309364464;60;9.46985;51.312422;0;unknown
1309364419;79;9.473278;51.311467;0;Work
1309364375;79;9.473278;51.311467;0;Work
1309364369;79;9.473278;51.311467;0;Work
1309364368;1302;9.470948;51.30813;0;unknown
1309364365;1302;9.470948;51.30813;0;unknown
1309364363;1302;9.470948;51.30813;0;unknown
1309364360;1302;9.470948;51.30813;0;unknown
1309364358;1302;9.470948;51.30813;0;unknown
1309364356;1302;9.470948;51.30813;0;unknown
1309364353;1302;9.470948;51.30813;0;unknown
1309364351;1302;9.470948;51.30813;0;unknown
1309364348;1302;9.470948;51.30813;0;unknown
1309364346;1302;9.470948;51.30813;0;unknown
1309364344;1302;9.470948;51.30813;0;unknown
1309364343;1302;9.470948;51.30813;0;unknown
1309364343;1302;9.470948;51.30813;0;unknown
1309364342;1302;9.470948;51.30813;0;unknown
1309364341;1302;9.470948;51.30813;0;unknown
1309364341;1302;9.470948;51.30813;0;unknown
1309364341;1302;9.470948;51.30813;0;unknown
1309364340;1313;9.470928;51.308099;0;unknown
1309364339;45;9.472382;51.310615;0;Work
1309364339;1313;9.470928;51.308099;0;unknown
1309364338;1313;9.470928;51.308099;0;unknown
1309364338;1313;9.470928;51.308099;0;unknown
1309364338;181;9.472596;51.3104;0;Work
1309364337;1313;9.470928;51.308099;0;unknown
1309364337;181;9.472789;51.31024;0;unknown
1309364335;1313;9.470928;51.308099;0;unknown
1309364332;1313;9.470928;51.308099;0;unknown
1309364287;79;9.473278;51.311467;0;Work
1309364281;79;9.473278;51.311467;0;Work
1309364280;27;9.472596;51.310915;0;Work
1309364279;27;9.472596;51.310915;0;Work
1309364278;181;9.471974;51.310572;0;unknown
1309364272;1302;9.470948;51.30813;0;unknown
1309361763;1110;9.469477;51.308988;0;unknown
1309361632;1207;9.469774;51.312306;0;unknown
1309357975;377;9.469146;51.308805;0;unknown
1309357779;1218;9.469777;51.312287;0;unknown
1309354122;1072;9.470069;51.310852;0;unknown
1309350465;377;9.469146;51.308805;0;unknown
1309349877;1207;9.469774;51.312306;0;unknown
1309346217;45;9.474356;51.311109;0;Work
1309346204;98;9.474334;51.311237;0;Work
1309346200;181;9.474034;51.310679;0;Work
1309344468;377;9.469146;51.308805;0;unknown
1309342315;1128;9.470276;51.310381;0;unknown
1309342289;1313;9.470928;51.308099;0;unknown
1309338651;30;9.473267;51.311532;0;Work
1309335050;30;9.473267;51.311532;0;Work
1309334805;33;9.473259;51.311534;0;Work
1309334687;33;9.473259;51.311534;0;Work
1309332699;33;9.473259;51.311534;0;Work
1309329094;33;9.473259;51.311534;0;Work
1309329036;37;9.473221;51.311405;0;Work
1309328974;37;9.473221;51.311405;0;Work
1309328914;46;9.472488;51.311024;0;Work
1309328854;163;9.470704;51.311061;0;unknown
1309328737;163;9.470704;51.311061;0;unknown
1309328677;1948;9.456829;51.312121;0;unknown
1309328503;44;9.444928;51.313456;0;unknown
1309328439;44;9.444928;51.313456;0;unknown
1309328373;528;9.440308;51.313724;0;unknown
1309328258;65;9.425185;51.314493;0;unknown
1309328194;65;9.425185;51.314493;0;unknown
1309328074;114;9.413736;51.332972;0;unknown
1309327956;114;9.413736;51.332972;0;unknown
1309327655;2084;9.403683;51.372237;0;unknown
1309327646;2917;9.406645;51.375238;0;unknown
1309327333;51;9.403783;51.404167;0;Home
1309325836;51;9.403657;51.404153;0;Home
1309322224;51;9.403657;51.404153;0;Home
1309318621;51;9.403657;51.404153;0;Home
1309314962;51;9.403657;51.404153;0;Home
1309311351;51;9.403657;51.404153;0;Home
1309307747;51;9.403657;51.404153;0;Home
1309304084;51;9.403657;51.404153;0;Home
1309300422;51;9.403657;51.404153;0;Home
1309296810;51;9.403657;51.404153;0;Home
1309293079;51;9.403657;51.404153;0;Home
1309289835;51;9.403783;51.404167;0;Home
1309286227;51;9.403783;51.404167;0;Home
1309282618;51;9.403783;51.404167;0;Home
1309282558;51;9.403783;51.404167;0;Home
1309282504;2574;9.422934;51.409115;0;unknown
1309282140;60;9.472042;51.348689;0;unknown
1309282058;60;9.472042;51.348689;0;unknown
1309282028;1341;9.486322;51.339348;0;unknown
1309281961;60;9.500334;51.326214;0;unknown
1309281842;60;9.500334;51.326214;0;unknown
1309281798;129;9.500643;51.325251;0;unknown
1309281724;260;9.502773;51.322814;0;unknown
1309281662;403;9.5086;51.319015;0;unknown
1309281601;95;9.491825;51.311059;0;unknown
1309281540;60;9.479888;51.311892;0;unknown
1309281241;80;9.472672;51.311144;0;Work
1309281178;80;9.472672;51.311144;0;Work
1309280456;39;9.474074;51.311878;0;Work
1309280336;51;9.473565;51.311596;0;Work
1309280276;51;9.473565;51.311596;0;Work
1309280215;56;9.473048;51.311261;0;Work
1309280096;50;9.473713;51.311623;0;Work
1309277273;30;9.47436;51.311934;0;Work
1309276792;31;9.474411;51.311889;0;Work
1309276623;31;9.474411;51.311889;0;Work
1309276500;31;9.474411;51.311889;0;Work
1309276376;31;9.474411;51.311889;0;Work
1309276192;31;9.474411;51.311889;0;Work
1309276072;31;9.474411;51.311889;0;Work
1309276012;32;9.474249;51.311906;0;Work
1309275839;32;9.474249;51.311906;0;Work
1309275715;32;9.474249;51.311906;0;Work
1309275534;32;9.474249;51.311906;0;Work
1309275169;32;9.474249;51.311906;0;Work
1309274992;32;9.474249;51.311906;0;Work
1309274869;32;9.474249;51.311906;0;Work
1309274701;32;9.474249;51.311906;0;Work
1309274577;32;9.474249;51.311906;0;Work
1309274448;32;9.474249;51.311906;0;Work
1309274404;37;9.474161;51.311865;0;Work
1309274339;37;9.474161;51.311865;0;Work
1309274333;2895;9.516971;51.264773;0;unknown
1309274266;31;9.474228;51.311934;0;Work
1309274162;31;9.474228;51.311934;0;Work
1309274095;61;9.474159;51.311936;0;Work
1309273911;61;9.474159;51.311936;0;Work
1309273734;61;9.474159;51.311936;0;Work
1309273611;61;9.474159;51.311936;0;Work
1309273411;61;9.474159;51.311936;0;Work
1309273247;61;9.474159;51.311936;0;Work
1309273068;61;9.474159;51.311936;0;Work
1309272947;61;9.474159;51.311936;0;Work
1309272824;61;9.474159;51.311936;0;Work
1309272762;61;9.474159;51.311936;0;Work
1309272702;61;9.474159;51.311936;0;Work
1309272700;61;9.474159;51.311936;0;Work
1309272531;61;9.474159;51.311936;0;Work
1309272407;61;9.474159;51.311936;0;Work
1309272231;61;9.474159;51.311936;0;Work
1309272108;61;9.474159;51.311936;0;Work
1309271925;61;9.474159;51.311936;0;Work
1309271801;61;9.474159;51.311936;0;Work
1309271450;61;9.474159;51.311936;0;Work
1309271322;61;9.474159;51.311936;0;Work
1309271198;61;9.474159;51.311936;0;Work
1309271029;61;9.474159;51.311936;0;Work
1309270840;61;9.474159;51.311936;0;Work
1309270675;61;9.474159;51.311936;0;Work
1309270544;61;9.474159;51.311936;0;Work
1309270423;61;9.474159;51.311936;0;Work
1309270298;61;9.474159;51.311936;0;Work
1309270177;61;9.474159;51.311936;0;Work
1309270054;61;9.474159;51.311936;0;Work
1309269932;61;9.474159;51.311936;0;Work
1309269087;62;9.47411;51.311732;0;Work
1309269026;73;9.474352;51.311857;0;Work
1309268969;98;9.474334;51.311742;0;Work
1309266622;27;9.473137;51.311359;0;Work
1309266506;27;9.473137;51.311359;0;Work
1309262846;27;9.473137;51.311359;0;Work
1309262473;31;9.473146;51.311361;0;Work
1309260312;54;9.473068;51.311404;0;Work
1309256707;44;9.473592;51.311352;0;Work
1309255509;45;9.474005;51.311419;0;Work
1309255445;45;9.474005;51.311419;0;Work
1309254604;26;9.473154;51.311369;0;Work
1309250998;26;9.473154;51.311369;0;Work
1309250456;26;9.473154;51.311369;0;Work
1309246806;26;9.473154;51.311369;0;Work
1309246510;54;9.473251;51.311449;0;Work
1309246450;54;9.473243;51.311453;0;Work
1309245969;48;9.472399;51.310983;0;Work
1309245789;232;9.469661;51.311521;0;unknown
1309245725;60;9.464445;51.312626;0;unknown
1309245609;60;9.464445;51.312626;0;unknown
1309245489;60;9.447398;51.313059;0;unknown
1309245486;330;9.447314;51.312817;0;unknown
1309245365;49;9.430559;51.313873;0;unknown
1309245256;49;9.430559;51.313873;0;unknown
1309245252;1770;9.431533;51.313635;0;unknown
1309245250;2047;9.441019;51.305308;0;unknown
1309245185;2047;9.441019;51.305308;0;unknown
1309245125;75;9.412552;51.33112;0;unknown
1309245069;1071;9.482147;51.331187;0;unknown
1309244958;1071;9.482147;51.331187;0;unknown
1309244888;1268;9.598565;51.344222;0;unknown
1309244777;1268;9.598565;51.344222;0;unknown
1309244768;2096;9.404185;51.372201;0;unknown
1309244523;51;9.40381;51.404097;0;Home
1309242897;55;9.403731;51.404095;0;Home
1309242837;75;9.403601;51.404092;0;Home
1309242657;75;9.403487;51.404205;0;Home
1309242540;2496;9.455002;51.424479;0;unknown
1309242417;75;9.403487;51.404205;0;Home
1309242361;2496;9.455002;51.424479;0;unknown
1309240799;51;9.403888;51.404062;0;Home
1309237193;51;9.403888;51.404062;0;Home
1309233534;51;9.403888;51.404062;0;Home
1309229932;51;9.403888;51.404062;0;Home
1309226086;51;9.403888;51.404062;0;Home
1309222483;51;9.403888;51.404062;0;Home
1309222367;51;9.403888;51.404062;0;Home
1309218763;51;9.403888;51.404062;0;Home
1309216476;51;9.403888;51.404062;0;Home
1309212817;51;9.403888;51.404062;0;Home
1309209156;51;9.403888;51.404062;0;Home
1309205550;51;9.403888;51.404062;0;Home
1309205487;51;9.403888;51.404062;0;Home
1309205430;2574;9.422934;51.409115;0;unknown
1309205367;2574;9.422934;51.409115;0;unknown
1309205276;2283;9.44331;51.374138;0;unknown
1309204886;1477;9.486996;51.355068;0;unknown
1309204767;1477;9.486996;51.355068;0;unknown
1309204705;1859;9.471659;51.331751;0;unknown
1309204404;1992;9.470576;51.329457;0;unknown
1309204344;1859;9.471717;51.331666;0;unknown
1309204233;1268;9.598565;51.344222;0;unknown
1309204163;1268;9.598565;51.344222;0;unknown
1309203628;1476;9.487007;51.355087;0;unknown
1309203563;1476;9.487007;51.355087;0;unknown
1309203330;2352;9.466587;51.359322;0;unknown
1309203143;2445;9.466;51.355291;0;unknown
1309203082;2445;9.466;51.355291;0;unknown
1309201582;1268;9.598565;51.344222;0;unknown
1309197971;1268;9.598565;51.344222;0;unknown
1309197911;1268;9.598565;51.344222;0;unknown
1309197790;2665;9.473018;51.373081;0;unknown
1309197680;1786;9.465097;51.369061;0;unknown
1309197161;9;9.49974;51.358026;0;unknown
1309197158;27;9.49974;51.358026;0;unknown
1309196229;60;9.47539;51.360109;0;unknown
1309196112;60;9.47539;51.360109;0;unknown
1309196053;1666;9.47844;51.359945;0;unknown
1309195988;1268;9.598565;51.344222;0;unknown
1309195872;2174;9.439783;51.398715;0;unknown
1309195448;51;9.403888;51.404062;0;Home
1309191785;51;9.40401;51.404278;0;Home
1309191605;55;9.404211;51.404367;0;unknown
1309188005;9;9.403502;51.404181;0;Home
1309187999;27;9.40376;51.404331;0;Home
1309187994;45;9.40376;51.404331;0;Home
1309187957;75;9.403523;51.404172;0;Home
1309187942;75;9.403523;51.404172;0;Home
1309187747;75;9.403523;51.404172;0;Home
1309187731;181;9.403159;51.404106;0;Home
1309187130;51;9.403888;51.404062;0;Home
1309187010;51;9.403888;51.404062;0;Home
1309186890;60;9.41716;51.363988;0;unknown
1309186233;60;9.431967;51.314262;0;unknown
1309185693;25;9.43821;51.313783;0;unknown
1309185571;25;9.43821;51.313783;0;unknown
1309185570;60;9.445394;51.31351;0;unknown
1309185448;60;9.445394;51.31351;0;unknown
1309185205;49;9.471147;51.311747;0;unknown
1309185087;49;9.471147;51.311747;0;unknown
1309181687;35;9.47349;51.311355;0;Work
1309177962;35;9.47349;51.311355;0;Work
1309174360;35;9.47349;51.311355;0;Work
1309170758;35;9.47349;51.311355;0;Work
1309169917;35;9.47349;51.311355;0;Work
1309169838;35;9.47349;51.311355;0;Work
1309168452;57;9.474696;51.311162;0;unknown
1309168333;57;9.474737;51.311191;0;unknown
1309167839;25;9.473056;51.31129;0;Work
1309167780;24;9.473122;51.311278;0;Work
1309167777;24;9.473122;51.311278;0;Work
1309167482;24;9.473;51.311333;0;Work
